,invoice,stock_code,description,quantity,invoice_date,price,customer_id,country
45228,493410,TEST001,This is a test product.,5,2010-04-01 09:24:00,4.5,12346.0,United Kingdom
45230,493412,TEST001,This is a test product.,5,2010-04-01 09:53:00,4.5,12346.0,United Kingdom
45231,493413,21724,PANDA AND BUNNIES STICKER SHEET,1,2010-04-01 09:54:00,0.85,,United Kingdom
45232,493413,84578,ELEPHANT TOY WITH BLUE T-SHIRT,1,2010-04-01 09:54:00,3.75,,United Kingdom
45233,493413,21723,ALPHABET HEARTS STICKER SHEET,1,2010-04-01 09:54:00,0.85,,United Kingdom
45234,493414,21844,RETRO SPOT MUG,36,2010-04-01 10:28:00,2.55,14590.0,United Kingdom
45235,493414,21533,RETRO SPOT LARGE MILK JUG,12,2010-04-01 10:28:00,4.25,14590.0,United Kingdom
45236,493414,37508,NEW ENGLAND CERAMIC CAKE SERVER,2,2010-04-01 10:28:00,2.55,14590.0,United Kingdom
45237,493414,35001G,HAND OPEN SHAPE GOLD,2,2010-04-01 10:28:00,4.25,14590.0,United Kingdom
45238,493414,21527,RETRO SPOT TRADITIONAL TEAPOT ,12,2010-04-01 10:28:00,6.95,14590.0,United Kingdom
45239,493414,21531,RETRO SPOT SUGAR JAM BOWL,24,2010-04-01 10:28:00,2.1,14590.0,United Kingdom
45242,493427,82483,WOOD 2 DRAWER CABINET WHITE FINISH,4,2010-04-01 10:43:00,5.95,13287.0,United Kingdom
45243,493427,21681,GIANT MEDINA STAMPED METAL BOWL ,2,2010-04-01 10:43:00,9.95,13287.0,United Kingdom
45244,493427,21682,LARGE MEDINA STAMPED METAL BOWL ,4,2010-04-01 10:43:00,4.95,13287.0,United Kingdom
45245,493427,18096C,WHITE ROUND PORCELAIN TLIGHT HOLDER,6,2010-04-01 10:43:00,2.55,13287.0,United Kingdom
45246,493427,21577,SAVE THE PLANET COTTON TOTE BAG,6,2010-04-01 10:43:00,2.25,13287.0,United Kingdom
45247,493427,21576,LETS GO SHOPPING COTTON TOTE BAG,6,2010-04-01 10:43:00,2.25,13287.0,United Kingdom
45248,493427,37447,CERAMIC CAKE DESIGN SPOTTED PLATE,12,2010-04-01 10:43:00,1.49,13287.0,United Kingdom
45249,493427,21232,STRAWBERRY CERAMIC TRINKET BOX,12,2010-04-01 10:43:00,1.25,13287.0,United Kingdom
45250,493427,79000,MOROCCAN TEA GLASS,12,2010-04-01 10:43:00,0.85,13287.0,United Kingdom
45251,493427,84499,BLACK FLOWER CANDLE PLATE,12,2010-04-01 10:43:00,0.85,13287.0,United Kingdom
45252,493427,72780,BLACK SILOUETTE CANDLE PLATE,12,2010-04-01 10:43:00,0.85,13287.0,United Kingdom
45253,493427,22214,CANDLE PLATE LACE WHITE,6,2010-04-01 10:43:00,2.55,13287.0,United Kingdom
45254,493427,72369A,PINK CLEAR GLASS CANDLE PLATE,6,2010-04-01 10:43:00,1.25,13287.0,United Kingdom
45255,493427,21428,SET3 BOOK BOX GREEN GINGHAM FLOWER ,4,2010-04-01 10:43:00,4.25,13287.0,United Kingdom
45256,493427,22178,VICTORIAN GLASS HANGING T-LIGHT,12,2010-04-01 10:43:00,1.25,13287.0,United Kingdom
45257,493427,84615,PINK ROUND BUTTERFLY MIRROR ,2,2010-04-01 10:43:00,7.95,13287.0,United Kingdom
45258,493427,84686,BEACH HUT MIRROR,2,2010-04-01 10:43:00,4.25,13287.0,United Kingdom
45259,493427,21777,RECIPE BOX WITH METAL HEART,2,2010-04-01 10:43:00,7.95,13287.0,United Kingdom
45260,493428,84563A,PINK & WHITE BREAKFAST TRAY,1,2010-04-01 11:15:00,5.95,16550.0,United Kingdom
45261,493428,84562A,PINK/WHITE RIBBED MELAMINE JUG,1,2010-04-01 11:15:00,7.95,16550.0,United Kingdom
45262,493428,22347,PIZZA SLICE DISH,6,2010-04-01 11:15:00,1.25,16550.0,United Kingdom
45263,493428,21658,GLASS  BEURRE DISH,2,2010-04-01 11:15:00,3.95,16550.0,United Kingdom
45264,493428,22084,PAPER CHAIN KIT EMPIRE,4,2010-04-01 11:15:00,2.95,16550.0,United Kingdom
45265,493428,22083,PAPER CHAIN KIT RETRO SPOT,6,2010-04-01 11:15:00,2.95,16550.0,United Kingdom
45266,493428,22197,"POPCORN HOLDER , SMALL ",6,2010-04-01 11:15:00,0.85,16550.0,United Kingdom
45267,493428,22198,"POPCORN HOLDER , LARGE",6,2010-04-01 11:15:00,1.65,16550.0,United Kingdom
45268,493428,84988,SET OF 72 PINK HEART PAPER DOILIES,10,2010-04-01 11:15:00,1.45,16550.0,United Kingdom
45269,493428,21559,STRAWBERRY LUNCHBOX WITH CUTLERY,4,2010-04-01 11:15:00,2.55,16550.0,United Kingdom
45270,493428,21558,SKULL LUNCHBOX WITH CUTLERY ,1,2010-04-01 11:15:00,2.55,16550.0,United Kingdom
45271,493428,22353,LUNCHBOX WITH CUTLERY FAIRY CAKES ,4,2010-04-01 11:15:00,2.55,16550.0,United Kingdom
45272,493428,21561,DINOSAUR LUNCHBOX WITH CUTLERY,4,2010-04-01 11:15:00,2.55,16550.0,United Kingdom
45273,493428,21622,VINTAGE UNION JACK CUSHION COVER,6,2010-04-01 11:15:00,4.95,16550.0,United Kingdom
45274,493428,21411,GINGHAM HEART  DOORSTOP RED,2,2010-04-01 11:15:00,4.25,16550.0,United Kingdom
45275,493428,20682,RED SPOTTY CHILDS UMBRELLA,2,2010-04-01 11:15:00,3.25,16550.0,United Kingdom
45276,493428,20686,DOLLY MIXTURE CHILDREN'S UMBRELLA,2,2010-04-01 11:15:00,3.25,16550.0,United Kingdom
45277,493428,20681,PINK SPOTTY CHILDS UMBRELLA,2,2010-04-01 11:15:00,3.25,16550.0,United Kingdom
45278,493428,20754,RETRO RED SPOTTY WASHING UP GLOVES,3,2010-04-01 11:15:00,2.1,16550.0,United Kingdom
45279,493428,20752,RETRO BLUE SPOTTY WASHING UP GLOVES,3,2010-04-01 11:15:00,2.1,16550.0,United Kingdom
45280,493428,22190,LOCAL CAFE MUG,4,2010-04-01 11:15:00,2.1,16550.0,United Kingdom
45281,493428,21843,RETRO SPOT CAKE STAND,1,2010-04-01 11:15:00,10.95,16550.0,United Kingdom
45282,493428,79320, FLAMINGO LIGHTS,2,2010-04-01 11:15:00,4.95,16550.0,United Kingdom
45283,493428,79321,CHILLI LIGHTS,2,2010-04-01 11:15:00,4.95,16550.0,United Kingdom
45291,493432,21488,RED WHITE SCARF  HOT WATER BOTTLE,1,2010-04-01 12:30:00,3.95,14680.0,United Kingdom
45292,493432,84029E,RED WOOLLY HOTTIE WHITE HEART.,3,2010-04-01 12:30:00,3.75,14680.0,United Kingdom
45293,493432,21357,TOAST ITS - DINOSAUR,5,2010-04-01 12:30:00,1.25,14680.0,United Kingdom
45294,493432,37448,CERAMIC CAKE DESIGN SPOTTED MUG,2,2010-04-01 12:30:00,1.49,14680.0,United Kingdom
45295,493432,20726,LUNCH BAG WOODLAND,20,2010-04-01 12:30:00,1.65,14680.0,United Kingdom
45296,493432,21870,I CAN ONLY PLEASE ONE PERSON MUG,2,2010-04-01 12:30:00,1.25,14680.0,United Kingdom
45297,493432,37461,FUNKY MONKEY MUG,2,2010-04-01 12:30:00,1.25,14680.0,United Kingdom
45298,493432,21872,GLAMOROUS  MUG,2,2010-04-01 12:30:00,1.25,14680.0,United Kingdom
45299,493432,47591D,PINK FAIRY CAKE CHILD'S APRON,1,2010-04-01 12:30:00,1.95,14680.0,United Kingdom
45300,493432,21156,RED SPOTTY CHILDS APRON,2,2010-04-01 12:30:00,1.95,14680.0,United Kingdom
45301,493432,22415,WHITE TISSUE REAM,1,2010-04-01 12:30:00,7.95,14680.0,United Kingdom
45302,493432,21329,DINOSAURS  WRITING SET ,1,2010-04-01 12:30:00,1.65,14680.0,United Kingdom
45303,493432,21327,SKULLS WRITING SET ,1,2010-04-01 12:30:00,1.65,14680.0,United Kingdom
45304,493432,85132B,CHARLIE AND LOLA TABLE TINS,2,2010-04-01 12:30:00,9.95,14680.0,United Kingdom
45305,493432,21523,FANCY FONT HOME SWEET HOME DOORMAT,1,2010-04-01 12:30:00,6.75,14680.0,United Kingdom
45306,493432,85150,LADIES & GENTLEMEN METAL SIGN,1,2010-04-01 12:30:00,2.55,14680.0,United Kingdom
45307,493432,21218,RED SPOTTY BISCUIT TIN,1,2010-04-01 12:30:00,3.75,14680.0,United Kingdom
45308,493432,84032A,CHARLIE+LOLA PINK HOT WATER BOTTLE,2,2010-04-01 12:30:00,2.95,14680.0,United Kingdom
45309,493432,20681,PINK SPOTTY CHILDS UMBRELLA,2,2010-04-01 12:30:00,3.25,14680.0,United Kingdom
45310,493432,20682,RED SPOTTY CHILDS UMBRELLA,2,2010-04-01 12:30:00,3.25,14680.0,United Kingdom
45311,493432,21903,MAN FLU METAL SIGN,2,2010-04-01 12:30:00,2.1,14680.0,United Kingdom
45312,493432,85152,HAND OVER THE CHOCOLATE   SIGN ,6,2010-04-01 12:30:00,2.1,14680.0,United Kingdom
45313,493432,21175,GIN + TONIC DIET METAL SIGN,2,2010-04-01 12:30:00,2.1,14680.0,United Kingdom
45314,493432,85123A,WHITE HANGING HEART T-LIGHT HOLDER,32,2010-04-01 12:30:00,2.55,14680.0,United Kingdom
45315,493432,21733,RED HANGING HEART T-LIGHT HOLDER,8,2010-04-01 12:30:00,2.95,14680.0,United Kingdom
45316,493432,84997A,GREEN 3 PIECE MINI DOTS CUTLERY SET,3,2010-04-01 12:30:00,3.75,14680.0,United Kingdom
45317,493432,84997B,RED 3 PIECE MINI DOTS CUTLERY SET,4,2010-04-01 12:30:00,3.75,14680.0,United Kingdom
45318,493432,84997C,BLUE 3 PIECE MINI DOTS CUTLERY SET,4,2010-04-01 12:30:00,3.75,14680.0,United Kingdom
45319,493432,84997D,PINK 3 PIECE MINI DOTS CUTLERY SET,1,2010-04-01 12:30:00,3.75,14680.0,United Kingdom
45320,493432,21217,RED SPOTTY ROUND CAKE TINS,2,2010-04-01 12:30:00,9.95,14680.0,United Kingdom
45321,493432,20914,SET/5 RED SPOTTY LID GLASS BOWLS,1,2010-04-01 12:30:00,2.95,14680.0,United Kingdom
45322,493432,21558,SKULL LUNCHBOX WITH CUTLERY ,1,2010-04-01 12:30:00,2.55,14680.0,United Kingdom
45323,493432,22353,LUNCHBOX WITH CUTLERY FAIRY CAKES ,2,2010-04-01 12:30:00,2.55,14680.0,United Kingdom
45324,493432,21559,STRAWBERRY LUNCHBOX WITH CUTLERY,2,2010-04-01 12:30:00,2.55,14680.0,United Kingdom
45325,493432,21556,CERAMIC STRAWBERRY MONEY BOX,3,2010-04-01 12:30:00,2.55,14680.0,United Kingdom
45326,493432,20718,RED SPOTTY SHOPPER BAG,2,2010-04-01 12:30:00,1.25,14680.0,United Kingdom
45327,493432,20725,LUNCH BAG RED SPOTTY,10,2010-04-01 12:30:00,1.65,14680.0,United Kingdom
45328,493432,22073,RETRO SPOT STORAGE JAR,1,2010-04-01 12:30:00,3.75,14680.0,United Kingdom
45329,493432,21533,RETRO SPOT LARGE MILK JUG,1,2010-04-01 12:30:00,4.95,14680.0,United Kingdom
45330,493432,22072,TEA CUP AND SAUCER RETRO SPOT,2,2010-04-01 12:30:00,3.75,14680.0,United Kingdom
45331,493432,21537,RETRO SPOTS PUDDING BOWL,1,2010-04-01 12:30:00,4.25,14680.0,United Kingdom
45332,493432,21527,RETRO SPOT TRADITIONAL TEAPOT ,5,2010-04-01 12:30:00,7.95,14680.0,United Kingdom
45333,493432,21531,RETRO SPOT SUGAR JAM BOWL,2,2010-04-01 12:30:00,2.55,14680.0,United Kingdom
45334,493432,21535,RETRO SPOT SMALL MILK JUG,2,2010-04-01 12:30:00,2.55,14680.0,United Kingdom
45335,493432,21232,STRAWBERRY CERAMIC TRINKET BOX,7,2010-04-01 12:30:00,1.25,14680.0,United Kingdom
45336,493432,21231,SWEETHEART CERAMIC TRINKET BOX,4,2010-04-01 12:30:00,1.25,14680.0,United Kingdom
45337,493432,37503,TEA TIME CAKE STAND IN GIFT BOX,2,2010-04-01 12:30:00,10.75,14680.0,United Kingdom
45338,493432,21844,RETRO SPOT MUG,2,2010-04-01 12:30:00,2.95,14680.0,United Kingdom
45339,493432,21874,GIN AND TONIC MUG,2,2010-04-01 12:30:00,1.25,14680.0,United Kingdom
45340,493433,84991,60 TEATIME FAIRY CAKE CASES,24,2010-04-01 12:51:00,0.55,14709.0,United Kingdom
45341,493433,15060B,FAIRY CAKE DESIGN UMBRELLA,4,2010-04-01 12:51:00,3.75,14709.0,United Kingdom
45342,493433,85099C,JUMBO  BAG BAROQUE BLACK WHITE,20,2010-04-01 12:51:00,1.95,14709.0,United Kingdom
45343,493433,21928,JUMBO BAG SCANDINAVIAN PAISLEY,20,2010-04-01 12:51:00,1.95,14709.0,United Kingdom
45344,493433,21929,JUMBO BAG PINK VINTAGE PAISLEY,30,2010-04-01 12:51:00,1.95,14709.0,United Kingdom
45345,493433,85099B,JUMBO BAG RED WHITE SPOTTY ,20,2010-04-01 12:51:00,1.95,14709.0,United Kingdom
45346,493433,21843,RETRO SPOT CAKE STAND,2,2010-04-01 12:51:00,10.95,14709.0,United Kingdom
45347,493433,48185,DOOR MAT FAIRY CAKE,4,2010-04-01 12:51:00,6.75,14709.0,United Kingdom
45348,493433,48188,DOOR MAT WELCOME PUPPIES,2,2010-04-01 12:51:00,6.75,14709.0,United Kingdom
45349,493433,48111,DOOR MAT 3 SMILEY CATS,2,2010-04-01 12:51:00,6.75,14709.0,United Kingdom
45350,493433,48194,DOORMAT HEARTS,2,2010-04-01 12:51:00,6.75,14709.0,United Kingdom
45351,493433,21232,STRAWBERRY CERAMIC TRINKET BOX,24,2010-04-01 12:51:00,1.25,14709.0,United Kingdom
45352,493433,37503,TEA TIME CAKE STAND IN GIFT BOX,6,2010-04-01 12:51:00,10.75,14709.0,United Kingdom
45353,493433,37502,TEA TIME MUG IN GIFT BOX,6,2010-04-01 12:51:00,2.95,14709.0,United Kingdom
45354,493434,22064,PINK DOUGHNUT TRINKET POT ,48,2010-04-01 12:54:00,1.45,13798.0,United Kingdom
45355,493434,21355,TOAST ITS - I LOVE YOU ,288,2010-04-01 12:54:00,1.05,13798.0,United Kingdom
45356,493434,21181,PLEASE ONE PERSON  METAL SIGN,48,2010-04-01 12:54:00,1.85,13798.0,United Kingdom
45357,493434,21080,SET/20 RED SPOTTY PAPER NAPKINS ,96,2010-04-01 12:54:00,0.64,13798.0,United Kingdom
45358,493434,84520D,PACK OF 20 FAIRY CAKE PAPER NAPKINS,96,2010-04-01 12:54:00,0.64,13798.0,United Kingdom
45359,493434,21843,RETRO SPOT CAKE STAND,24,2010-04-01 12:54:00,9.95,13798.0,United Kingdom
45360,493434,37450,CERAMIC CAKE BOWL + HANGING CAKES,18,2010-04-01 12:54:00,2.55,13798.0,United Kingdom
45361,493434,84596F,SMALL MARSHMALLOWS PINK BOWL,72,2010-04-01 12:54:00,1.06,13798.0,United Kingdom
45362,493434,84596B,SMALL DOLLY MIX DESIGN ORANGE BOWL,72,2010-04-01 12:54:00,1.06,13798.0,United Kingdom
45363,493435,21988,PACK OF 6 SKULL PAPER PLATES,4,2010-04-01 12:57:00,0.85,13206.0,United Kingdom
45364,493435,22100,SKULLS SQUARE TISSUE BOX,6,2010-04-01 12:57:00,1.25,13206.0,United Kingdom
45365,493435,21989,PACK OF 20 SKULL PAPER NAPKINS,6,2010-04-01 12:57:00,0.85,13206.0,United Kingdom
45366,493435,21987,PACK OF 6 SKULL PAPER CUPS,7,2010-04-01 12:57:00,0.65,13206.0,United Kingdom
45367,493435,84596E,SMALL LICORICE DES PINK BOWL,6,2010-04-01 12:57:00,1.25,13206.0,United Kingdom
45368,493435,84380,SET OF 3 BUTTERFLY COOKIE CUTTERS,4,2010-04-01 12:57:00,1.25,13206.0,United Kingdom
45369,493435,21082,SET/20 FRUIT SALAD PAPER NAPKINS ,6,2010-04-01 12:57:00,0.85,13206.0,United Kingdom
45370,493435,20913,SET/5 BLUE SPOTTY LID GLASS BOWLS,1,2010-04-01 12:57:00,2.95,13206.0,United Kingdom
45371,493435,22136,LOVE HEART SOCK HANGER,6,2010-04-01 12:57:00,1.65,13206.0,United Kingdom
45372,493435,20675,BLUE SPOTTY BOWL,5,2010-04-01 12:57:00,1.25,13206.0,United Kingdom
45373,493435,21836,GINGHAM OVEN GLOVE RED HEART ,4,2010-04-01 12:57:00,3.75,13206.0,United Kingdom
45374,493435,84559A,3D SHEET OF DOG STICKERS,8,2010-04-01 12:57:00,0.85,13206.0,United Kingdom
45375,493435,84578,ELEPHANT TOY WITH BLUE T-SHIRT,4,2010-04-01 12:57:00,3.75,13206.0,United Kingdom
45376,493435,21026,SPACE OWL,10,2010-04-01 12:57:00,1.25,13206.0,United Kingdom
45377,493435,21472,LADYBIRD + BEE RAFFIA FOOD COVER,3,2010-04-01 12:57:00,3.75,13206.0,United Kingdom
45378,493435,37112,YELLOW BIRDS FELT DES FOODCOVER,2,2010-04-01 12:57:00,3.75,13206.0,United Kingdom
45379,493435,84031B,CHARLIE LOLA BLUE HOT WATER BOTTLE ,24,2010-04-01 12:57:00,1.95,13206.0,United Kingdom
45380,493435,72800D,S/4 BLUE DINNER CANDLE SILVER FLOCK,12,2010-04-01 12:57:00,0.79,13206.0,United Kingdom
45381,493435,21488,RED WHITE SCARF  HOT WATER BOTTLE,24,2010-04-01 12:57:00,3.45,13206.0,United Kingdom
45382,493435,72038P,PRICE'S CANDLE PEACH,200,2010-04-01 12:57:00,0.08,13206.0,United Kingdom
45383,493435,72484,ROSES IN WHITE HEART CANDLE ,48,2010-04-01 12:57:00,0.38,13206.0,United Kingdom
45384,493435,84032A,CHARLIE+LOLA PINK HOT WATER BOTTLE,36,2010-04-01 12:57:00,1.25,13206.0,United Kingdom
45385,493435,84031A,CHARLIE+LOLA RED HOT WATER BOTTLE ,24,2010-04-01 12:57:00,1.95,13206.0,United Kingdom
45386,493435,10120,DOGGY RUBBER,30,2010-04-01 12:57:00,0.21,13206.0,United Kingdom
45387,493435,16237,SLEEPING CAT ERASERS,30,2010-04-01 12:57:00,0.21,13206.0,United Kingdom
45388,493435,21678,PAISLEY PATTERN  STICKERS,2,2010-04-01 12:57:00,0.85,13206.0,United Kingdom
45389,493435,22319,HAIRCLIPS FORTIES FABRIC ASSORTED,12,2010-04-01 12:57:00,0.65,13206.0,United Kingdom
45390,493435,22036,DINOSAUR BIRTHDAY CARD,12,2010-04-01 12:57:00,0.42,13206.0,United Kingdom
45391,493435,21504,SKULLS GREETING CARD,12,2010-04-01 12:57:00,0.42,13206.0,United Kingdom
45392,493435,21507,"ELEPHANT, BIRTHDAY CARD, ",12,2010-04-01 12:57:00,0.42,13206.0,United Kingdom
45393,493435,21509,COWBOYS AND INDIANS BIRTHDAY CARD ,12,2010-04-01 12:57:00,0.42,13206.0,United Kingdom
45394,493435,22028,PENNY FARTHING BIRTHDAY CARD,12,2010-04-01 12:57:00,0.42,13206.0,United Kingdom
45395,493435,22025,RING OF ROSES BIRTHDAY CARD,12,2010-04-01 12:57:00,0.42,13206.0,United Kingdom
45396,493435,22033,BOTANICAL ROSE GREETING CARD,12,2010-04-01 12:57:00,0.42,13206.0,United Kingdom
45397,493435,21788,KIDS RAIN MAC BLUE,6,2010-04-01 12:57:00,0.85,13206.0,United Kingdom
45398,493435,21789,KIDS RAIN MAC PINK,4,2010-04-01 12:57:00,0.85,13206.0,United Kingdom
45399,493435,22332,SKULLS PARTY BAG + STICKER SET,6,2010-04-01 12:57:00,1.65,13206.0,United Kingdom
45400,493435,21679,SKULLS  STICKERS,23,2010-04-01 12:57:00,0.85,13206.0,United Kingdom
45401,493435,21678,PAISLEY PATTERN  STICKERS,2,2010-04-01 12:57:00,0.85,13206.0,United Kingdom
45402,493435,22040,BOTANICAL ROSE GIFT WRAP,25,2010-04-01 12:57:00,0.42,13206.0,United Kingdom
45403,493435,21498,RED SPOTS  WRAP ,25,2010-04-01 12:57:00,0.42,13206.0,United Kingdom
45404,493435,21495,SKULLS WRAP,25,2010-04-01 12:57:00,0.42,13206.0,United Kingdom
45405,493435,16207A,PINK STRAWBERRY HANDBAG ,3,2010-04-01 12:57:00,2.95,13206.0,United Kingdom
45406,493435,40046A,RED DAISY PAPER LAMPSHADE,7,2010-04-01 12:57:00,1.25,13206.0,United Kingdom
45407,493435,40016,CHINESE DRAGON PAPER LANTERNS,12,2010-04-01 12:57:00,0.42,13206.0,United Kingdom
45408,493435,20727,LUNCH BAG  BLACK SKULL.,5,2010-04-01 12:57:00,1.65,13206.0,United Kingdom
45409,493435,51008,AFGHAN SLIPPER SOCK PAIR,10,2010-04-01 12:57:00,3.45,13206.0,United Kingdom
45410,493435,20712,JUMBO BAG WOODLAND ANIMALS,8,2010-04-01 12:57:00,1.95,13206.0,United Kingdom
45411,493435,21675,BUTTERFLIES STICKERS,6,2010-04-01 12:57:00,0.85,13206.0,United Kingdom
45412,493435,21929,JUMBO BAG PINK VINTAGE PAISLEY,11,2010-04-01 12:57:00,1.95,13206.0,United Kingdom
45413,493435,72232,FENG SHUI PILLAR CANDLE,24,2010-04-01 12:57:00,0.19,13206.0,United Kingdom
45414,493435,84007,MAGIC GARDEN MOUNT FUJI,6,2010-04-01 12:57:00,2.55,13206.0,United Kingdom
45415,493435,84288B,SET/2 BLUE  NOODLE BASKETS,4,2010-04-01 12:57:00,1.95,13206.0,United Kingdom
45416,493435,21714,CITRONELLA CANDLE GARDEN POT,6,2010-04-01 12:57:00,1.25,13206.0,United Kingdom
45417,493435,84992,72 SWEETHEART FAIRY CAKE CASES,24,2010-04-01 12:57:00,0.55,13206.0,United Kingdom
45418,493435,22133,PINK LOVE HEART SHAPE CUP,12,2010-04-01 12:57:00,0.85,13206.0,United Kingdom
45419,493435,17039,INLAID WOOD INCENSE HOLDER,10,2010-04-01 12:57:00,0.29,13206.0,United Kingdom
45420,493435,22352,LUNCHBOX WITH CUTLERY RETROSPOT ,6,2010-04-01 12:57:00,2.55,13206.0,United Kingdom
45421,493435,21544,SKULLS  WATER TRANSFER TATTOOS ,10,2010-04-01 12:57:00,0.85,13206.0,United Kingdom
45422,493435,85231B,CINAMMON SET OF 9 T-LIGHTS,6,2010-04-01 12:57:00,0.85,13206.0,United Kingdom
45423,493435,85231L,LAVENDER SCENTED SET/9 T-LIGHTS,6,2010-04-01 12:57:00,0.85,13206.0,United Kingdom
45424,493435,85049B,LUSH GREENS RIBBONS,8,2010-04-01 12:57:00,1.25,13206.0,United Kingdom
45425,493435,15036,ASSORTED COLOURS SILK FAN,12,2010-04-01 12:57:00,0.65,13206.0,United Kingdom
45426,493435,21440,12 MINI TOADSTOOL PEGS,24,2010-04-01 12:57:00,1.25,13206.0,United Kingdom
45427,493435,22132,RED LOVE HEART SHAPE CUP,12,2010-04-01 12:57:00,0.85,13206.0,United Kingdom
45428,493435,84558A,3D DOG PICTURE PLAYING CARDS,6,2010-04-01 12:57:00,2.95,13206.0,United Kingdom
45429,493436,20868,SILVER FABRIC MIRROR,240,2010-04-01 13:03:00,0.38,13694.0,United Kingdom
45430,493436,20869,GOLD FABRIC MIRROR,240,2010-04-01 13:03:00,0.38,13694.0,United Kingdom
45431,493436,35004P,SET OF 3 PINK FLYING DUCKS,12,2010-04-01 13:03:00,1.95,13694.0,United Kingdom
45432,493436,35004G,SET OF 3 GOLD FLYING DUCKS,12,2010-04-01 13:03:00,1.95,13694.0,United Kingdom
45433,493436,46776A,WOVEN BUBBLE GUM CUSHION COVER,24,2010-04-01 13:03:00,1.25,13694.0,United Kingdom
45434,493436,46776B,WOVEN BERRIES CUSHION COVER ,24,2010-04-01 13:03:00,1.25,13694.0,United Kingdom
45435,493436,46776E,WOVEN CANDY CUSHION COVER ,12,2010-04-01 13:03:00,1.25,13694.0,United Kingdom
45436,493436,46776C,WOVEN FROST CUSHION COVER,12,2010-04-01 13:03:00,1.25,13694.0,United Kingdom
45437,493436,46776F,WOVEN ROSE GARDEN CUSHION COVER ,12,2010-04-01 13:03:00,1.25,13694.0,United Kingdom
45438,493436,72800C,S/4 PINK DINNER CANDLE SILVER FLOCK,252,2010-04-01 13:03:00,0.79,13694.0,United Kingdom
45439,493436,72799F,IVORY PILLAR CANDLE GOLD FLOCK,480,2010-04-01 13:03:00,1.25,13694.0,United Kingdom
45440,493436,72799C,PINK PILLAR CANDLE SILVER FLOCK,240,2010-04-01 13:03:00,1.25,13694.0,United Kingdom
45441,493436,72799E,IVORY PILLAR CANDLE SILVER FLOCK,240,2010-04-01 13:03:00,1.25,13694.0,United Kingdom
45442,493436,72800D,S/4 BLUE DINNER CANDLE SILVER FLOCK,252,2010-04-01 13:03:00,0.79,13694.0,United Kingdom
45443,493436,72800F,4 IVORY DINNER CANDLES GOLD FLOCK,468,2010-04-01 13:03:00,0.79,13694.0,United Kingdom
45444,493436,72800A,S/4 BLACK DINNER CANDLE SILVER FLOC,252,2010-04-01 13:03:00,0.79,13694.0,United Kingdom
45445,493436,72800B,S/4 PURPLE DINNER CANDLE BLK FLOCK,252,2010-04-01 13:03:00,0.79,13694.0,United Kingdom
45446,493436,72799A,BLACK PILLAR CANDLE SILVER FLOCK,240,2010-04-01 13:03:00,1.25,13694.0,United Kingdom
45447,493437,85132A,CHARLIE + LOLA BISCUITS TINS,96,2010-04-01 13:10:00,3.95,13694.0,United Kingdom
45448,493437,85132B,CHARLIE AND LOLA TABLE TINS,96,2010-04-01 13:10:00,3.95,13694.0,United Kingdom
45449,493438,20700,GREEN CAT FLORAL CUSHION COVER ,144,2010-04-01 13:12:00,1.25,13694.0,United Kingdom
45450,493438,20701,PINK CAT FLORAL CUSHION COVER ,144,2010-04-01 13:12:00,1.25,13694.0,United Kingdom
45451,493439,71028B,SILVER BLUE EGG T-LIGHT HOLDER,96,2010-04-01 13:25:00,0.38,13694.0,United Kingdom
45452,493439,78124,MAGAZINE RACK GEBRA ASSORTED ,144,2010-04-01 13:25:00,1.25,13694.0,United Kingdom
45453,493439,79328,BLUE FLOCK GLASS CANDLEHOLDER,96,2010-04-01 13:25:00,0.38,13694.0,United Kingdom
45454,493439,79336,LIGHT PINK FLOCK GLASS CANDLEHOLDER,96,2010-04-01 13:25:00,0.38,13694.0,United Kingdom
45455,493439,79337,BLUE FLOCK GLASS CANDLEHOLDER,96,2010-04-01 13:25:00,0.38,13694.0,United Kingdom
45456,493439,79338,DARK PINK FLOCK GLASS CANDLEHOLDER,96,2010-04-01 13:25:00,0.38,13694.0,United Kingdom
45457,493439,82076,BEECH WOOD PHOTO FRAME ,64,2010-04-01 13:25:00,1.25,13694.0,United Kingdom
45458,493439,85167B,BLACK GRAND BAROQUE PHOTO FRAME,120,2010-04-01 13:25:00,1.25,13694.0,United Kingdom
45459,493439,85166B,BLACK METAL BAROQUE PHOTO FRAME,120,2010-04-01 13:25:00,1.25,13694.0,United Kingdom
45460,493439,85167A,WHITE GRAND BAROQUE PHOTO FRAME,60,2010-04-01 13:25:00,1.25,13694.0,United Kingdom
45461,493439,85183A,CHARLIE & LOLA WASTEPAPER BIN BLUE,288,2010-04-01 13:25:00,1.25,13694.0,United Kingdom
45462,493439,85183B,CHARLIE & LOLA WASTEPAPER BIN FLORA,288,2010-04-01 13:25:00,1.25,13694.0,United Kingdom
45463,493439,85224,ASSORTED COLOUR SILK GLASSES CASE,240,2010-04-01 13:25:00,0.38,13694.0,United Kingdom
45464,493439,85222,ASSORTED COLOUR SILK COSMETIC PURSE,240,2010-04-01 13:25:00,0.65,13694.0,United Kingdom
45465,493439,85221,ASSORTED COLOUR SILK COIN PURSE,480,2010-04-01 13:25:00,0.38,13694.0,United Kingdom
45466,493439,47347B,BLUE FLOWER T-LIGHT HOLDER,144,2010-04-01 13:25:00,0.38,13694.0,United Kingdom
45472,493442,48138,DOOR MAT UNION FLAG,1,2010-04-01 13:36:00,6.75,13821.0,United Kingdom
45473,493442,21524,SPOTTY  HOME SWEET HOME DOORMAT,1,2010-04-01 13:36:00,6.75,13821.0,United Kingdom
45474,493442,48194,DOORMAT HEARTS,1,2010-04-01 13:36:00,6.75,13821.0,United Kingdom
45475,493442,84596K,JELLY BABIES YELLOW SMALL BOWL,4,2010-04-01 13:36:00,1.25,13821.0,United Kingdom
45476,493442,84596J,MIXED NUTS LIGHT GREEN BOWL,4,2010-04-01 13:36:00,1.25,13821.0,United Kingdom
45477,493442,84535A,ENGLISH ROSE NOTEBOOK A6 SIZE,5,2010-04-01 13:36:00,0.65,13821.0,United Kingdom
45478,493442,84691,PACK 20 DOLLY PEGS,8,2010-04-01 13:36:00,0.85,13821.0,United Kingdom
45479,493442,37464,ROBOT MUG IN DISPLAY BOX,5,2010-04-01 13:36:00,1.25,13821.0,United Kingdom
45480,493442,79190B,RETRO PLASTIC POLKA TRAY,5,2010-04-01 13:36:00,0.42,13821.0,United Kingdom
45481,493442,79190A,RETRO PLASTIC 70'S TRAY,5,2010-04-01 13:36:00,0.42,13821.0,United Kingdom
45482,493442,79190D,RETRO PLASTIC DAISY TRAY,5,2010-04-01 13:36:00,0.42,13821.0,United Kingdom
45483,493442,22107,PIZZA PLATE IN BOX,2,2010-04-01 13:36:00,3.75,13821.0,United Kingdom
45484,493442,20754,RETRO RED SPOTTY WASHING UP GLOVES,2,2010-04-01 13:36:00,2.1,13821.0,United Kingdom
45485,493442,20752,RETRO BLUE SPOTTY WASHING UP GLOVES,2,2010-04-01 13:36:00,2.1,13821.0,United Kingdom
45486,493442,37333,"RETRO ""TEA FOR ONE"" ",1,2010-04-01 13:36:00,4.95,13821.0,United Kingdom
45487,493442,20751,FUNKY WASHING UP GLOVES ASSORTED,1,2010-04-01 13:36:00,2.1,13821.0,United Kingdom
45488,493442,20751,FUNKY WASHING UP GLOVES ASSORTED,1,2010-04-01 13:36:00,2.1,13821.0,United Kingdom
45489,493442,22095,LADS ONLY TISSUE BOX,4,2010-04-01 13:36:00,1.25,13821.0,United Kingdom
45490,493442,21467,CHERRY CROCHET FOOD COVER,2,2010-04-01 13:36:00,3.75,13821.0,United Kingdom
45491,493442,71477,COLOUR GLASS. STAR T-LIGHT HOLDER,1,2010-04-01 13:36:00,3.25,13821.0,United Kingdom
45492,493442,22109,FULL ENGLISH BREAKFAST PLATE,2,2010-04-01 13:36:00,3.75,13821.0,United Kingdom
45493,493442,21420,OYSTER TRINKET BOX,1,2010-04-01 13:36:00,3.25,13821.0,United Kingdom
45494,493442,21716,BOYS VINTAGE TIN SEASIDE BUCKET,2,2010-04-01 13:36:00,2.55,13821.0,United Kingdom
45495,493442,21715,GIRLS VINTAGE TIN SEASIDE BUCKET,2,2010-04-01 13:36:00,2.55,13821.0,United Kingdom
45496,493442,20713,JUMBO BAG OWLS,2,2010-04-01 13:36:00,1.95,13821.0,United Kingdom
45497,493442,20712,JUMBO BAG WOODLAND ANIMALS,1,2010-04-01 13:36:00,1.95,13821.0,United Kingdom
45498,493442,85099B,JUMBO BAG RED WHITE SPOTTY ,2,2010-04-01 13:36:00,1.95,13821.0,United Kingdom
45499,493442,21931,JUMBO STORAGE BAG SUKI,3,2010-04-01 13:36:00,1.95,13821.0,United Kingdom
45500,493442,21929,JUMBO BAG PINK VINTAGE PAISLEY,2,2010-04-01 13:36:00,1.95,13821.0,United Kingdom
45501,493442,21928,JUMBO BAG SCANDINAVIAN PAISLEY,2,2010-04-01 13:36:00,1.95,13821.0,United Kingdom
45502,493442,21737,SET 3 WICKER LOG BASKETS,1,2010-04-01 13:36:00,19.95,13821.0,United Kingdom
45503,493442,85099F,JUMBO BAG STRAWBERRY,2,2010-04-01 13:36:00,1.95,13821.0,United Kingdom
45504,493442,20712,JUMBO BAG WOODLAND ANIMALS,1,2010-04-01 13:36:00,1.95,13821.0,United Kingdom
45505,493442,21737,SET 3 WICKER LOG BASKETS,1,2010-04-01 13:36:00,19.95,13821.0,United Kingdom
45506,493442,48111,DOOR MAT 3 SMILEY CATS,1,2010-04-01 13:36:00,6.75,13821.0,United Kingdom
45507,493442,79321,CHILLI LIGHTS,3,2010-04-01 13:36:00,4.95,13821.0,United Kingdom
45508,493442,21578,WOODLAND DESIGN  COTTON TOTE BAG,1,2010-04-01 13:36:00,2.25,13821.0,United Kingdom
45509,493442,21577,SAVE THE PLANET COTTON TOTE BAG,1,2010-04-01 13:36:00,2.25,13821.0,United Kingdom
45510,493442,21579,LOLITA  DESIGN  COTTON TOTE BAG,1,2010-04-01 13:36:00,2.25,13821.0,United Kingdom
45511,493442,82001S,VINYL RECORD FRAME SILVER,3,2010-04-01 13:36:00,3.75,13821.0,United Kingdom
45512,493442,84671B,CROCHET BEAR WITH BLUE STRIPES,1,2010-04-01 13:36:00,2.55,13821.0,United Kingdom
45513,493442,84741C,CITRUS GARLAND FELT FLOWERS ,3,2010-04-01 13:36:00,1.95,13821.0,United Kingdom
45514,493442,22111,SCOTTIE DOG HOT WATER BOTTLE,2,2010-04-01 13:36:00,4.95,13821.0,United Kingdom
45515,493442,22125,UNION JACK HOT WATER BOTTLE ,2,2010-04-01 13:36:00,5.95,13821.0,United Kingdom
45516,493442,37112,YELLOW BIRDS FELT DES FOODCOVER,2,2010-04-01 13:36:00,3.75,13821.0,United Kingdom
45517,493442,84671B,CROCHET BEAR WITH BLUE STRIPES,1,2010-04-01 13:36:00,2.55,13821.0,United Kingdom
45518,493442,82597,BOMBS AWAY METAL SIGN,2,2010-04-01 13:36:00,2.1,13821.0,United Kingdom
45519,493442,82578,KITCHEN METAL SIGN,2,2010-04-01 13:36:00,0.55,13821.0,United Kingdom
45520,493442,82581,TOILET METAL SIGN,2,2010-04-01 13:36:00,0.55,13821.0,United Kingdom
45521,493442,79067,CORONA MEXICAN TRAY,6,2010-04-01 13:36:00,3.75,13821.0,United Kingdom
45522,493442,85176,SEWING SUSAN 21 NEEDLE SET,2,2010-04-01 13:36:00,0.85,13821.0,United Kingdom
45523,493442,85178,VICTORIAN SEWING KIT,2,2010-04-01 13:36:00,1.25,13821.0,United Kingdom
45524,493442,85049F,BABY BOOM RIBBONS ,1,2010-04-01 13:36:00,1.25,13821.0,United Kingdom
45525,493442,20971,PINK BLUE FELT CRAFT TRINKET BOX,1,2010-04-01 13:36:00,1.25,13821.0,United Kingdom
45526,493442,20966,SANDWICH BATH SPONGE,2,2010-04-01 13:36:00,1.25,13821.0,United Kingdom
45527,493442,20963,APPLE BATH SPONGE,2,2010-04-01 13:36:00,1.25,13821.0,United Kingdom
45528,493442,20960,WATERMELON BATH SPONGE,4,2010-04-01 13:36:00,1.25,13821.0,United Kingdom
45529,493443,21931,JUMBO STORAGE BAG SUKI,2,2010-04-01 13:39:00,1.95,14527.0,United Kingdom
45530,493443,85099B,JUMBO BAG RED WHITE SPOTTY ,10,2010-04-01 13:39:00,1.95,14527.0,United Kingdom
45531,493443,21033,JUMBO BAG CHARLIE AND LOLA TOYS,1,2010-04-01 13:39:00,2.95,14527.0,United Kingdom
45532,493443,20711,JUMBO BAG TOYS ,10,2010-04-01 13:39:00,1.95,14527.0,United Kingdom
45533,493443,20712,JUMBO BAG WOODLAND ANIMALS,4,2010-04-01 13:39:00,1.95,14527.0,United Kingdom
45534,493443,21930,JUMBO STORAGE BAG SKULLS,4,2010-04-01 13:39:00,1.95,14527.0,United Kingdom
45535,493443,85099F,JUMBO BAG STRAWBERRY,5,2010-04-01 13:39:00,1.95,14527.0,United Kingdom
45536,493443,20713,JUMBO BAG OWLS,10,2010-04-01 13:39:00,1.95,14527.0,United Kingdom
45537,493443,21780,MA CAMPAGNE 4 DRAWER WALL SHELF,8,2010-04-01 13:39:00,5.95,14527.0,United Kingdom
45538,493443,21527,RETRO SPOT TRADITIONAL TEAPOT ,12,2010-04-01 13:39:00,6.95,14527.0,United Kingdom
45539,493443,21488,RED WHITE SCARF  HOT WATER BOTTLE,2,2010-04-01 13:39:00,3.95,14527.0,United Kingdom
45540,493443,21484,CHICK GREY HOT WATER BOTTLE,1,2010-04-01 13:39:00,3.45,14527.0,United Kingdom
45541,493443,21843,RETRO SPOT CAKE STAND,1,2010-04-01 13:39:00,10.95,14527.0,United Kingdom
45542,493443,84029C,BROWN FURRY HOT WATER BOTTLE,1,2010-04-01 13:39:00,3.75,14527.0,United Kingdom
45543,493443,37476,CONDIMENT TRAY 4 BOWLS AND 4 SPOONS,1,2010-04-01 13:39:00,9.95,14527.0,United Kingdom
45544,493443,21528,DAIRY MAID TRADITIONAL TEAPOT ,1,2010-04-01 13:39:00,6.95,14527.0,United Kingdom
45545,493443,21529,RETRO SPOT CERAMIC TOASTRACK,2,2010-04-01 13:39:00,3.45,14527.0,United Kingdom
45546,493443,22177,5 HOOK BLACKBOARD ORGANISER ,1,2010-04-01 13:39:00,9.95,14527.0,United Kingdom
45547,493443,21259,VICTORIAN SEWING BOX SMALL ,4,2010-04-01 13:39:00,5.95,14527.0,United Kingdom
45548,493443,21115,ROSE CARAVAN DOORSTOP,2,2010-04-01 13:39:00,6.75,14527.0,United Kingdom
45549,493443,21539,RETRO SPOTS BUTTER DISH,5,2010-04-01 13:39:00,4.95,14527.0,United Kingdom
45550,493443,84623,PINK GINGHAM ROSE FLOOR CUSHION,4,2010-04-01 13:39:00,7.95,14527.0,United Kingdom
45551,493443,21481,FAWN BLUE HOT WATER BOTTLE,1,2010-04-01 13:39:00,2.95,14527.0,United Kingdom
45552,493443,84509F,NEW ENGLAND PLACEMATS,2,2010-04-01 13:39:00,3.75,14527.0,United Kingdom
45553,493443,47562,ENGLISH ROSE IRONING BOARD COVER,2,2010-04-01 13:39:00,3.75,14527.0,United Kingdom
45554,493443,82578,KITCHEN METAL SIGN,2,2010-04-01 13:39:00,0.55,14527.0,United Kingdom
45555,493443,82581,TOILET METAL SIGN,4,2010-04-01 13:39:00,0.55,14527.0,United Kingdom
45556,493443,82580,BATHROOM METAL SIGN,4,2010-04-01 13:39:00,0.55,14527.0,United Kingdom
45557,493443,22308,TEA COSY BLUE STRIPE,2,2010-04-01 13:39:00,2.55,14527.0,United Kingdom
45558,493443,22309,TEA COSY RED  STRIPE,2,2010-04-01 13:39:00,2.55,14527.0,United Kingdom
45559,493443,21275,ZINC TOP  2 DOOR WOODEN SHELF ,8,2010-04-01 13:39:00,3.95,14527.0,United Kingdom
45560,493443,85232B,SET/3 RUSSIAN DOLL STACKING TINS,4,2010-04-01 13:39:00,4.95,14527.0,United Kingdom
45561,493443,84029E,RED WOOLLY HOTTIE WHITE HEART.,2,2010-04-01 13:39:00,3.75,14527.0,United Kingdom
45562,493443,21533,RETRO SPOT LARGE MILK JUG,1,2010-04-01 13:39:00,4.95,14527.0,United Kingdom
45563,493443,21535,RETRO SPOT SMALL MILK JUG,3,2010-04-01 13:39:00,2.55,14527.0,United Kingdom
45564,493443,21531,RETRO SPOT SUGAR JAM BOWL,3,2010-04-01 13:39:00,2.55,14527.0,United Kingdom
45565,493443,47591D,PINK FAIRY CAKE CHILD'S APRON,1,2010-04-01 13:39:00,1.95,14527.0,United Kingdom
45566,493443,46000M,POLYESTER FILLER PAD 45x45cm,2,2010-04-01 13:39:00,1.55,14527.0,United Kingdom
45567,493443,21622,VINTAGE UNION JACK CUSHION COVER,2,2010-04-01 13:39:00,4.95,14527.0,United Kingdom
45568,493443,21621,VINTAGE UNION JACK BUNTING,1,2010-04-01 13:39:00,8.5,14527.0,United Kingdom
45569,493443,21627,ELEPHANT CARNIVAL POUFFE,1,2010-04-01 13:39:00,14.95,14527.0,United Kingdom
45570,493443,47566B,TEA TIME PARTY BUNTING,1,2010-04-01 13:39:00,4.65,14527.0,United Kingdom
45571,493443,47566,PARTY BUNTING,3,2010-04-01 13:39:00,4.65,14527.0,United Kingdom
45572,493443,79341,WILLOW BRANCH LIGHTS.,1,2010-04-01 13:39:00,6.75,14527.0,United Kingdom
45573,493443,79323W, WHITE CHERRY LIGHTS,1,2010-04-01 13:39:00,6.75,14527.0,United Kingdom
45574,493443,79320, FLAMINGO LIGHTS,1,2010-04-01 13:39:00,4.95,14527.0,United Kingdom
45575,493443,21929,JUMBO BAG PINK VINTAGE PAISLEY,2,2010-04-01 13:39:00,1.95,14527.0,United Kingdom
45576,493444,22147,FELTCRAFT BUTTERFLY HEARTS,2,2010-04-01 13:47:00,1.45,16792.0,United Kingdom
45577,493444,22149,FELTCRAFT 6 FLOWER FRIENDS,2,2010-04-01 13:47:00,2.1,16792.0,United Kingdom
45578,493444,21535,RETRO SPOT SMALL MILK JUG,2,2010-04-01 13:47:00,2.55,16792.0,United Kingdom
45579,493444,85212,MINI PAINTED GARDEN DECORATION ,1,2010-04-01 13:47:00,0.85,16792.0,United Kingdom
45580,493444,21443,OLIVE CHALET BIRDFEEDER,3,2010-04-01 13:47:00,3.75,16792.0,United Kingdom
45581,493444,85129C,BEADED CRYSTAL HEART BLUE SMALL,2,2010-04-01 13:47:00,1.25,16792.0,United Kingdom
45582,493444,84975,HEART SHAPED MIRROR,2,2010-04-01 13:47:00,1.69,16792.0,United Kingdom
45583,493444,85129D,BEADED CRYSTAL HEART PINK SMALL,2,2010-04-01 13:47:00,1.25,16792.0,United Kingdom
45584,493444,21122,SET/10 PINK SPOTTY PARTY CANDLES,4,2010-04-01 13:47:00,1.25,16792.0,United Kingdom
45585,493444,21124,SET/10 BLUE SPOTTY PARTY CANDLES,4,2010-04-01 13:47:00,1.25,16792.0,United Kingdom
45586,493444,21121,SET/10 RED SPOTTY PARTY CANDLES,2,2010-04-01 13:47:00,1.25,16792.0,United Kingdom
45587,493444,21737,SET 3 WICKER LOG BASKETS,1,2010-04-01 13:47:00,19.95,16792.0,United Kingdom
45588,493444,21729,SMALL MARAKESH METAL  LANTERN ,3,2010-04-01 13:47:00,3.25,16792.0,United Kingdom
45589,493444,21577,SAVE THE PLANET COTTON TOTE BAG,2,2010-04-01 13:47:00,2.25,16792.0,United Kingdom
45590,493444,21578,WOODLAND DESIGN  COTTON TOTE BAG,2,2010-04-01 13:47:00,2.25,16792.0,United Kingdom
45591,493444,21580,RABBIT  DESIGN  COTTON TOTE BAG,2,2010-04-01 13:47:00,2.25,16792.0,United Kingdom
45592,493444,21745,GAOLERS KEYS DECORATIVE GARDEN ,1,2010-04-01 13:47:00,3.75,16792.0,United Kingdom
45593,493444,21895,POTTING SHED SOW 'N' GROW SET,3,2010-04-01 13:47:00,4.25,16792.0,United Kingdom
45594,493444,21894,POTTING SHED SEED ENVELOPES,6,2010-04-01 13:47:00,1.25,16792.0,United Kingdom
45595,493444,21896,POTTING SHED TWINE,2,2010-04-01 13:47:00,2.1,16792.0,United Kingdom
45596,493444,84845C,CARNATION SQUARE HANDY TIN,2,2010-04-01 13:47:00,1.25,16792.0,United Kingdom
45597,493444,84845D,GERANIUM SQUARE HANDY TIN,2,2010-04-01 13:47:00,1.25,16792.0,United Kingdom
45598,493444,21897,POTTING SHED CANDLE CITRONELLA,2,2010-04-01 13:47:00,2.95,16792.0,United Kingdom
45599,493444,21898,POTTING SHED ROSE CANDLE,2,2010-04-01 13:47:00,2.95,16792.0,United Kingdom
45600,493444,21869,POTTING SHED COFFEE MUG,2,2010-04-01 13:47:00,1.25,16792.0,United Kingdom
45601,493444,84671B,CROCHET BEAR WITH BLUE STRIPES,3,2010-04-01 13:47:00,2.55,16792.0,United Kingdom
45602,493444,82494L,WOODEN FRAME ANTIQUE WHITE ,2,2010-04-01 13:47:00,2.95,16792.0,United Kingdom
45603,493444,82482,WOODEN PICTURE FRAME WHITE FINISH,1,2010-04-01 13:47:00,2.55,16792.0,United Kingdom
45604,493444,21482,MUSHROOM BLUE HOT WATER BOTTLE,2,2010-04-01 13:47:00,2.95,16792.0,United Kingdom
45605,493444,21481,FAWN BLUE HOT WATER BOTTLE,2,2010-04-01 13:47:00,2.95,16792.0,United Kingdom
45606,493444,22232,JIGSAW TOADSTOOLS 3 PIECE,2,2010-04-01 13:47:00,1.65,16792.0,United Kingdom
45607,493444,21390,FILIGRIS HEART WITH BUTTERFLY,3,2010-04-01 13:47:00,1.25,16792.0,United Kingdom
45608,493444,84836,ZINC METAL HEART DECORATION,2,2010-04-01 13:47:00,1.25,16792.0,United Kingdom
45609,493444,17164D,ASS COL SMALL SAND FROG P'WEIGHT,3,2010-04-01 13:47:00,0.42,16792.0,United Kingdom
45610,493444,21442,GREEN BIRDHOUSE DECORATION,6,2010-04-01 13:47:00,0.85,16792.0,United Kingdom
45611,493444,21911,GARDEN METAL SIGN ,3,2010-04-01 13:47:00,1.65,16792.0,United Kingdom
45612,493444,21158,MOODY GIRL DOOR HANGER ,3,2010-04-01 13:47:00,1.45,16792.0,United Kingdom
45613,493444,22185,SLATE TILE NATURAL HANGING,3,2010-04-01 13:47:00,1.65,16792.0,United Kingdom
45614,493444,22189,CREAM HEART CARD HOLDER,1,2010-04-01 13:47:00,3.95,16792.0,United Kingdom
45615,493444,84791,GINGHAM HEART DECORATION,1,2010-04-01 13:47:00,2.95,16792.0,United Kingdom
45616,493444,21746,SMALL RED SPOT  WINDMILL,5,2010-04-01 13:47:00,1.25,16792.0,United Kingdom
45617,493444,21749,LARGE RED SPOT WINDMILL,2,2010-04-01 13:47:00,2.1,16792.0,United Kingdom
45618,493446,21473,SWEETHEART CREAM STEEL TABLE RECT,1,2010-04-01 14:00:00,19.95,17807.0,United Kingdom
45619,493446,84292B,BLUE COL METAL FOLDING CHAIR,1,2010-04-01 14:00:00,7.95,17807.0,United Kingdom
45620,493446,84789,ENCHANTED BIRD PLANT CAGE,1,2010-04-01 14:00:00,3.75,17807.0,United Kingdom
45621,493446,85113,POLKA DOT PISTACHIO PAIL,3,2010-04-01 14:00:00,2.1,17807.0,United Kingdom
45622,493446,22132,RED LOVE HEART SHAPE CUP,3,2010-04-01 14:00:00,0.85,17807.0,United Kingdom
45623,493446,84375,SET OF 20 KIDS COOKIE CUTTERS,3,2010-04-01 14:00:00,1.95,17807.0,United Kingdom
45624,493446,84378,SET OF 3 HEART COOKIE CUTTERS,3,2010-04-01 14:00:00,1.25,17807.0,United Kingdom
45625,493446,85195,HANGING HEART BASKET,3,2010-04-01 14:00:00,2.1,17807.0,United Kingdom
45626,493446,85199L,LARGE HANGING IVORY & RED WOOD BIRD,5,2010-04-01 14:00:00,0.65,17807.0,United Kingdom
45627,493446,85185B,PINK HORSE SOCK PUPPET,1,2010-04-01 14:00:00,2.95,17807.0,United Kingdom
45628,493446,22325,MOBILE VINTAGE HEARTS ,1,2010-04-01 14:00:00,4.95,17807.0,United Kingdom
45629,493446,46118,FUNKY MONKEY CUSHION COVER,4,2010-04-01 14:00:00,0.85,17807.0,United Kingdom
45630,493446,85203,HANGING WOOD AND FELT BUTTERFLY ,5,2010-04-01 14:00:00,0.42,17807.0,United Kingdom
45631,493446,85185F,LION SOCK PUPPET,1,2010-04-01 14:00:00,2.95,17807.0,United Kingdom
45632,493446,22197,"POPCORN HOLDER , SMALL ",3,2010-04-01 14:00:00,0.85,17807.0,United Kingdom
45633,493446,10002,INFLATABLE POLITICAL GLOBE ,3,2010-04-01 14:00:00,0.85,17807.0,United Kingdom
45634,493446,22228,BUNNY WOODEN PAINTED WITH BIRD ,3,2010-04-01 14:00:00,0.85,17807.0,United Kingdom
45635,493446,22261,FELT EGG COSY WHITE RABBIT ,2,2010-04-01 14:00:00,0.85,17807.0,United Kingdom
45636,493446,22262,FELT EGG COSY CHICKEN,2,2010-04-01 14:00:00,0.85,17807.0,United Kingdom
45637,493446,47578A,ENGLISH ROSE SMALL SCENTED FLOWER,6,2010-04-01 14:00:00,0.85,17807.0,United Kingdom
45638,493446,22146,EASTER CRAFT IVY WREATH WITH CHICK,3,2010-04-01 14:00:00,1.95,17807.0,United Kingdom
45639,493446,21445,12 PINK ROSE PEG PLACE SETTINGS,2,2010-04-01 14:00:00,1.25,17807.0,United Kingdom
45640,493446,21447,12 IVORY ROSE PEG PLACE SETTINGS,2,2010-04-01 14:00:00,1.25,17807.0,United Kingdom
45641,493446,21446,12 RED ROSE PEG PLACE SETTINGS,2,2010-04-01 14:00:00,1.25,17807.0,United Kingdom
45642,493446,72756,FAIRY CAKE CANDLES,9,2010-04-01 14:00:00,1.49,17807.0,United Kingdom
45643,493446,85152,HAND OVER THE CHOCOLATE   SIGN ,1,2010-04-01 14:00:00,2.1,17807.0,United Kingdom
45644,493446,21181,PLEASE ONE PERSON  METAL SIGN,1,2010-04-01 14:00:00,2.1,17807.0,United Kingdom
45645,493446,85208,SET/12 FUNKY FELT FLOWER PEG IN BAG,5,2010-04-01 14:00:00,2.1,17807.0,United Kingdom
45646,493446,21870,I CAN ONLY PLEASE ONE PERSON MUG,6,2010-04-01 14:00:00,1.25,17807.0,United Kingdom
45647,493446,21004,ROSE DU SUD CHILDS APRON,2,2010-04-01 14:00:00,4.25,17807.0,United Kingdom
45648,493446,84791,GINGHAM HEART DECORATION,1,2010-04-01 14:00:00,2.95,17807.0,United Kingdom
45649,493446,22138,BAKING SET 9 PIECE RETROSPOT ,1,2010-04-01 14:00:00,4.95,17807.0,United Kingdom
45655,493446,21349,IVY HEART WREATH,1,2010-04-01 14:00:00,6.75,17807.0,United Kingdom
45656,493446,72789,BASKET/8 SCENTED LOVE TOKEN CANDLES,1,2010-04-01 14:00:00,3.75,17807.0,United Kingdom
45657,493446,35096A,BLUE VICTORIAN FABRIC HEART BOX,3,2010-04-01 14:00:00,0.42,17807.0,United Kingdom
45658,493446,35096B,RED VICTORIAN FABRIC HEART BOX,3,2010-04-01 14:00:00,0.42,17807.0,United Kingdom
45659,493446,84288B,SET/2 BLUE  NOODLE BASKETS,1,2010-04-01 14:00:00,1.95,17807.0,United Kingdom
45660,493446,84970L,SINGLE HEART ZINC T-LIGHT HOLDER,3,2010-04-01 14:00:00,0.95,17807.0,United Kingdom
45661,493446,21899,"KEY FOB , GARAGE DESIGN",2,2010-04-01 14:00:00,0.65,17807.0,United Kingdom
45662,493446,21900,"KEY FOB , SHED",2,2010-04-01 14:00:00,0.65,17807.0,United Kingdom
45663,493446,21902,"KEY FOB , FRONT  DOOR ",2,2010-04-01 14:00:00,0.65,17807.0,United Kingdom
45664,493446,21901,"KEY FOB , BACK DOOR ",2,2010-04-01 14:00:00,0.65,17807.0,United Kingdom
45665,493446,21198,WHITE HEART CONFETTI IN TUBE,1,2010-04-01 14:00:00,1.65,17807.0,United Kingdom
45666,493446,21256,"FRENCH BOTTLE, BRASSERIE DES ARTIST",1,2010-04-01 14:00:00,1.65,17807.0,United Kingdom
45667,493446,21255,"FRENCH BOTTLE , LAVENDER",1,2010-04-01 14:00:00,1.65,17807.0,United Kingdom
45668,493446,21773,DECORATIVE ROSE BATHROOM BOTTLE,1,2010-04-01 14:00:00,1.25,17807.0,United Kingdom
45669,493446,85185C,COW  SOCK PUPPET,1,2010-04-01 14:00:00,2.95,17807.0,United Kingdom
45670,493463,20895,VINTAGE NOTEBOOK FRENCH LETTER ,1,2010-04-01 14:27:00,2.95,15581.0,United Kingdom
45671,493463,85203,HANGING WOOD AND FELT BUTTERFLY ,1,2010-04-01 14:27:00,0.42,15581.0,United Kingdom
45672,493463,85198,ASSORTED FARMYARD ANIMALS IN BUCKET,12,2010-04-01 14:27:00,0.85,15581.0,United Kingdom
45673,493463,20897,VINTAGE NOTEBOOK PARIS DAYS,1,2010-04-01 14:27:00,2.95,15581.0,United Kingdom
45674,493463,20898,VINTAGE NOTEBOOK TRAVELOGUE,1,2010-04-01 14:27:00,2.95,15581.0,United Kingdom
45675,493463,20866,BLUE ROSE FABRIC MIRROR,1,2010-04-01 14:27:00,1.25,15581.0,United Kingdom
45676,493463,20660,VIP LUGGAGE TAG ,1,2010-04-01 14:27:00,1.25,15581.0,United Kingdom
45677,493463,21171,BATHROOM METAL SIGN ,1,2010-04-01 14:27:00,1.45,15581.0,United Kingdom
45678,493463,21172,PARTY METAL SIGN ,1,2010-04-01 14:27:00,1.45,15581.0,United Kingdom
45679,493463,21228,"POCKET MIRROR ""GLAMOROUS""",1,2010-04-01 14:27:00,1.25,15581.0,United Kingdom
45680,493463,85212,MINI PAINTED GARDEN DECORATION ,1,2010-04-01 14:27:00,0.85,15581.0,United Kingdom
45681,493463,47578A,ENGLISH ROSE SMALL SCENTED FLOWER,1,2010-04-01 14:27:00,0.85,15581.0,United Kingdom
45682,493463,21076,SET/20 COLLAGE PAPER NAPKIN ,2,2010-04-01 14:27:00,0.85,15581.0,United Kingdom
45683,493463,21080,SET/20 RED SPOTTY PAPER NAPKINS ,1,2010-04-01 14:27:00,0.85,15581.0,United Kingdom
45684,493467,82583,HOT BATHS METAL SIGN,6,2010-04-01 14:29:00,2.1,13004.0,United Kingdom
45685,493467,85152,HAND OVER THE CHOCOLATE   SIGN ,6,2010-04-01 14:29:00,2.1,13004.0,United Kingdom
45686,493467,21524,SPOTTY  HOME SWEET HOME DOORMAT,2,2010-04-01 14:29:00,6.75,13004.0,United Kingdom
45687,493467,84671B,CROCHET BEAR WITH BLUE STRIPES,6,2010-04-01 14:29:00,2.55,13004.0,United Kingdom
45688,493467,84991,60 TEATIME FAIRY CAKE CASES,24,2010-04-01 14:29:00,0.55,13004.0,United Kingdom
45689,493467,84990,60 GOLD AND SILVER FAIRY CAKE CASES,24,2010-04-01 14:29:00,0.55,13004.0,United Kingdom
45690,493467,90167,BEADED LOVE HEART JEWELLERY SET,12,2010-04-01 14:29:00,0.85,13004.0,United Kingdom
45691,493467,21232,STRAWBERRY CERAMIC TRINKET BOX,12,2010-04-01 14:29:00,1.25,13004.0,United Kingdom
45692,493467,22055,MINI CAKE STAND  HANGING STRAWBERY,8,2010-04-01 14:29:00,1.65,13004.0,United Kingdom
45693,493467,22054,MINI CAKE STAND HANGING HEARTS,8,2010-04-01 14:29:00,1.65,13004.0,United Kingdom
45694,493467,22060,LARGE CAKE STAND HANGING HEARTS,2,2010-04-01 14:29:00,9.95,13004.0,United Kingdom
45695,493467,22061,LARGE CAKE STAND  HANGING STRAWBERY,2,2010-04-01 14:29:00,9.95,13004.0,United Kingdom
45696,493467,37449,CERAMIC CAKE STAND + HANGING CAKES,2,2010-04-01 14:29:00,9.95,13004.0,United Kingdom
45697,493467,84510A,SET OF 4 ENGLISH ROSE COASTERS,10,2010-04-01 14:29:00,1.25,13004.0,United Kingdom
45698,493467,82483,WOOD 2 DRAWER CABINET WHITE FINISH,4,2010-04-01 14:29:00,5.95,13004.0,United Kingdom
45699,493467,22177,5 HOOK BLACKBOARD ORGANISER ,1,2010-04-01 14:29:00,9.95,13004.0,United Kingdom
45700,493467,82582,AREA PATROLLED METAL SIGN,6,2010-04-01 14:29:00,2.1,13004.0,United Kingdom
45701,493467,48185,DOOR MAT FAIRY CAKE,2,2010-04-01 14:29:00,6.75,13004.0,United Kingdom
45702,493467,48187,DOOR MAT NEW ENGLAND,2,2010-04-01 14:29:00,6.75,13004.0,United Kingdom
45703,493467,20711,JUMBO BAG TOYS ,10,2010-04-01 14:29:00,1.95,13004.0,United Kingdom
45704,493467,85099F,JUMBO BAG STRAWBERRY,10,2010-04-01 14:29:00,1.95,13004.0,United Kingdom
45705,493467,21931,JUMBO STORAGE BAG SUKI,10,2010-04-01 14:29:00,1.95,13004.0,United Kingdom
45706,493467,22195,LARGE HEART MEASURING SPOONS,12,2010-04-01 14:29:00,1.65,13004.0,United Kingdom
45707,493467,21385,IVORY HANGING DECORATION  HEART,24,2010-04-01 14:29:00,0.85,13004.0,United Kingdom
45708,493467,22285,"DECORATION HEN ON NEST, HANGING",12,2010-04-01 14:29:00,1.65,13004.0,United Kingdom
45709,493467,22284,HEN HOUSE DECORATION,12,2010-04-01 14:29:00,1.65,13004.0,United Kingdom
45710,493485,72008,FROSTED BOX 9 WHITE T-LIGHT CANDLES,24,2010-04-01 14:48:00,0.42,,United Kingdom
45711,493485,21589,SWALLOW GIANT TUBE MATCHES,2,2010-04-01 14:48:00,2.55,,United Kingdom
45713,493487,72008,FROSTED BOX 9 WHITE T-LIGHT CANDLES,24,2010-04-01 14:50:00,0.42,,United Kingdom
45751,493536,47591C,BLUE FAIRY CAKE CHILD'S APRON,1,2010-04-01 15:29:00,1.95,17841.0,United Kingdom
45752,493536,84819,DANISH ROSE ROUND SEWING BOX,1,2010-04-01 15:29:00,4.25,17841.0,United Kingdom
45753,493536,22223,CAKE PLATE LOVEBIRD PINK,1,2010-04-01 15:29:00,4.95,17841.0,United Kingdom
45754,493536,21014,SWISS CHALET TREE DECORATION ,2,2010-04-01 15:29:00,0.85,17841.0,United Kingdom
45755,493536,22212,FOUR HOOK  WHITE LOVEBIRDS,1,2010-04-01 15:29:00,2.1,17841.0,United Kingdom
45756,493536,84078A,SET/4 WHITE RETRO STORAGE CUBES ,5,2010-04-01 15:29:00,34.95,17841.0,United Kingdom
45757,493536,22084,PAPER CHAIN KIT EMPIRE,1,2010-04-01 15:29:00,2.95,17841.0,United Kingdom
45758,493536,22083,PAPER CHAIN KIT RETRO SPOT,2,2010-04-01 15:29:00,2.95,17841.0,United Kingdom
45759,493536,22204,MILK PAN BLUE RETROSPOT,1,2010-04-01 15:29:00,3.75,17841.0,United Kingdom
45760,493536,35609A,PINK FEATHER CHRISTMAS DECORATION,24,2010-04-01 15:29:00,0.19,17841.0,United Kingdom
45761,493536,21035,SET/2 RED SPOTTY TEA TOWELS ,1,2010-04-01 15:29:00,2.95,17841.0,United Kingdom
45762,493536,47568,ENGLISH ROSE DESIGN PEG BAG,1,2010-04-01 15:29:00,2.1,17841.0,United Kingdom
45763,493536,21041,RED SPOTTY OVEN GLOVE DOUBLE,2,2010-04-01 15:29:00,2.95,17841.0,United Kingdom
45764,493536,21484,CHICK GREY HOT WATER BOTTLE,1,2010-04-01 15:29:00,3.45,17841.0,United Kingdom
45765,493536,22125,UNION JACK HOT WATER BOTTLE ,1,2010-04-01 15:29:00,5.95,17841.0,United Kingdom
45766,493536,21622,VINTAGE UNION JACK CUSHION COVER,1,2010-04-01 15:29:00,4.95,17841.0,United Kingdom
45767,493536,22136,LOVE HEART SOCK HANGER,1,2010-04-01 15:29:00,1.65,17841.0,United Kingdom
45768,493536,22135,LADLE LOVE HEART PINK,2,2010-04-01 15:29:00,0.42,17841.0,United Kingdom
45769,493536,85150,LADIES & GENTLEMEN METAL SIGN,1,2010-04-01 15:29:00,2.55,17841.0,United Kingdom
45770,493536,82600,NO SINGING METAL SIGN,1,2010-04-01 15:29:00,2.1,17841.0,United Kingdom
45771,493536,22196,SMALL HEART MEASURING SPOONS,1,2010-04-01 15:29:00,0.85,17841.0,United Kingdom
45772,493536,21985,PACK OF 12 HEARTS DESIGN TISSUES ,5,2010-04-01 15:29:00,0.29,17841.0,United Kingdom
45773,493536,21846,PINK DIAMANTE PEN IN GIFT BOX,2,2010-04-01 15:29:00,4.95,17841.0,United Kingdom
45774,493536,21121,SET/10 RED SPOTTY PARTY CANDLES,1,2010-04-01 15:29:00,1.25,17841.0,United Kingdom
45775,493536,72122,COFFEE SCENT PILLAR CANDLE,1,2010-04-01 15:29:00,0.95,17841.0,United Kingdom
45776,493536,85231E,STRAWBERRY SCENTED SET/9 T-LIGHTS,1,2010-04-01 15:29:00,0.85,17841.0,United Kingdom
45777,493536,85231G,ORANGE SCENTED SET/9 T-LIGHTS,2,2010-04-01 15:29:00,0.85,17841.0,United Kingdom
45778,493536,21784,SHOE SHINE BOX ,1,2010-04-01 15:29:00,9.95,17841.0,United Kingdom
45779,493536,22090,PAPER BUNTING RETRO SPOTS,1,2010-04-01 15:29:00,2.95,17841.0,United Kingdom
45780,493536,47021G,SET/6 BEAD COASTERS GAUZE BAG GOLD,1,2010-04-01 15:29:00,1.25,17841.0,United Kingdom
45781,493536,20753,RETRO PINK SPOT WASHING UP GLOVES,1,2010-04-01 15:29:00,2.1,17841.0,United Kingdom
45782,493536,21640,ASSORTED TUTTI FRUTTI  FOB NOTEBOOK,3,2010-04-01 15:29:00,0.85,17841.0,United Kingdom
45783,493536,47504E,ENGLISH ROSE SCISSORS,3,2010-04-01 15:29:00,1.25,17841.0,United Kingdom
45784,493536,84050,PINK HEART SHAPE EGG FRYING PAN,1,2010-04-01 15:29:00,1.65,17841.0,United Kingdom
45785,493536,21801,CHRISTMAS TREE DECORATION WITH BELL,10,2010-04-01 15:29:00,0.42,17841.0,United Kingdom
45786,493536,21805,WHITE CHRISTMAS TREE DECORATION ,10,2010-04-01 15:29:00,0.42,17841.0,United Kingdom
45787,493536,22223,CAKE PLATE LOVEBIRD PINK,2,2010-04-01 15:29:00,4.95,17841.0,United Kingdom
45788,493536,79160,HEART SHAPE WIRELESS DOORBELL,2,2010-04-01 15:29:00,2.1,17841.0,United Kingdom
45789,493536,84685,BEACH HUT KEY CABINET,1,2010-04-01 15:29:00,3.75,17841.0,United Kingdom
45790,493536,21156,RED SPOTTY CHILDS APRON,2,2010-04-01 15:29:00,1.95,17841.0,United Kingdom
45791,493536,21402,RED  EGG  SPOON,3,2010-04-01 15:29:00,0.42,17841.0,United Kingdom
45792,493536,21401,BLUE PUDDING SPOON,1,2010-04-01 15:29:00,0.42,17841.0,United Kingdom
45793,493536,20677,PINK SPOTTY BOWL,2,2010-04-01 15:29:00,1.25,17841.0,United Kingdom
45794,493536,20674,GREEN SPOTTY BOWL,1,2010-04-01 15:29:00,1.25,17841.0,United Kingdom
45795,493536,85099F,JUMBO BAG STRAWBERRY,1,2010-04-01 15:29:00,1.95,17841.0,United Kingdom
45796,493536,21589,SWALLOW GIANT TUBE MATCHES,2,2010-04-01 15:29:00,2.55,17841.0,United Kingdom
45797,493536,20718,RED SPOTTY SHOPPER BAG,1,2010-04-01 15:29:00,1.25,17841.0,United Kingdom
45798,493536,20723,STRAWBERRY CHARLOTTE BAG,1,2010-04-01 15:29:00,0.85,17841.0,United Kingdom
45799,493536,20724,RED SPOTTY CHARLOTTE BAG,2,2010-04-01 15:29:00,0.85,17841.0,United Kingdom
45800,493536,85043,RED HEART CANDY POP LIGHTS,1,2010-04-01 15:29:00,4.95,17841.0,United Kingdom
45801,493536,22200,FRYING PAN PINK POLKADOT ,3,2010-04-01 15:29:00,4.25,17841.0,United Kingdom
45802,493536,85042,ANTIQUE LILY FAIRY LIGHTS,1,2010-04-01 15:29:00,4.95,17841.0,United Kingdom
45803,493536,17129C,SKY BLUE COLOUR GLASS GEMS IN BAG,1,2010-04-01 15:29:00,0.85,17841.0,United Kingdom
45804,493536,84378,SET OF 3 HEART COOKIE CUTTERS,1,2010-04-01 15:29:00,1.25,17841.0,United Kingdom
45805,493536,20725,LUNCH BAG RED SPOTTY,3,2010-04-01 15:29:00,1.65,17841.0,United Kingdom
45806,493536,85132B,CHARLIE AND LOLA TABLE TINS,1,2010-04-01 15:29:00,9.95,17841.0,United Kingdom
45807,493536,20780,BLACK EAR MUFF HEADPHONES,1,2010-04-01 15:29:00,5.49,17841.0,United Kingdom
45808,493536,72800B,S/4 PURPLE DINNER CANDLE BLK FLOCK,1,2010-04-01 15:29:00,2.55,17841.0,United Kingdom
45809,493536,20747,PICCADILLY TEA SET,1,2010-04-01 15:29:00,14.95,17841.0,United Kingdom
45810,493536,20685,RED SPOTTY COIR DOORMAT,1,2010-04-01 15:29:00,6.75,17841.0,United Kingdom
45811,493536,48173C,DOOR MAT BLACK FLOCK ,1,2010-04-01 15:29:00,6.75,17841.0,United Kingdom
45812,493536,22202,MILK PAN PINK RETROSPOT,2,2010-04-01 15:29:00,3.75,17841.0,United Kingdom
45813,493536,21189,WHITE HONEYCOMB PAPER GARLAND ,1,2010-04-01 15:29:00,1.65,17841.0,United Kingdom
45814,493537,85099B,JUMBO BAG RED WHITE SPOTTY ,300,2010-04-01 15:33:00,1.65,16029.0,United Kingdom
45815,493537,21928,JUMBO BAG SCANDINAVIAN PAISLEY,100,2010-04-01 15:33:00,1.65,16029.0,United Kingdom
45818,493540,85099B,JUMBO BAG RED WHITE SPOTTY ,100,2010-04-01 15:41:00,1.65,14477.0,United Kingdom
45820,493542,22365,DOORMAT RESPECTABLE HOUSE,2,2010-04-01 16:11:00,6.75,15867.0,United Kingdom
45821,493542,48116,DOOR MAT MULTICOLOUR STRIPE,2,2010-04-01 16:11:00,6.75,15867.0,United Kingdom
45822,493542,85049B,LUSH GREENS RIBBONS,2,2010-04-01 16:11:00,1.25,15867.0,United Kingdom
45823,493542,85049F,BABY BOOM RIBBONS ,2,2010-04-01 16:11:00,1.25,15867.0,United Kingdom
45824,493542,85049A,TRADITIONAL CHRISTMAS RIBBONS,2,2010-04-01 16:11:00,1.25,15867.0,United Kingdom
45825,493542,85049C,ROMANTIC PINKS RIBBONS ,2,2010-04-01 16:11:00,1.25,15867.0,United Kingdom
45826,493542,21498,RED SPOTS  WRAP ,25,2010-04-01 16:11:00,0.42,15867.0,United Kingdom
45827,493542,16161U,"WRAP,SUKI AND FRIENDS",25,2010-04-01 16:11:00,0.42,15867.0,United Kingdom
45828,493542,21523,FANCY FONT HOME SWEET HOME DOORMAT,1,2010-04-01 16:11:00,6.75,15867.0,United Kingdom
45829,493542,48138,DOOR MAT UNION FLAG,2,2010-04-01 16:11:00,6.75,15867.0,United Kingdom
45830,493542,48173C,DOOR MAT BLACK FLOCK ,2,2010-04-01 16:11:00,6.75,15867.0,United Kingdom
45831,493542,21955,UNION JACK GUNS & ROSES  DOORMAT,1,2010-04-01 16:11:00,6.75,15867.0,United Kingdom
45832,493542,48184,DOOR MAT ENGLISH ROSE ,1,2010-04-01 16:11:00,6.75,15867.0,United Kingdom
45833,493542,22366,DOORMAT AIRMAIL ,2,2010-04-01 16:11:00,6.75,15867.0,United Kingdom
45834,493543,21181,PLEASE ONE PERSON  METAL SIGN,1,2010-04-01 16:29:00,2.1,14839.0,United Kingdom
45835,493543,21993,FLORAL FOLK STATIONERY SET,6,2010-04-01 16:29:00,2.95,14839.0,United Kingdom
45836,493543,21992,VINTAGE PAISLEY STATIONERY SET,6,2010-04-01 16:29:00,2.95,14839.0,United Kingdom
45837,493543,21448,12 DAISY PEGS IN WOOD BOX,2,2010-04-01 16:29:00,1.65,14839.0,United Kingdom
45838,493543,22071,SMALL RETRO SPOT MUG IN BOX  WHITE,4,2010-04-01 16:29:00,3.75,14839.0,United Kingdom
45839,493543,22070,SMALL RETRO SPOT MUG IN BOX  RED,4,2010-04-01 16:29:00,3.75,14839.0,United Kingdom
45840,493543,84482,BUTTONS DESIGN JEWELLERY BOX,4,2010-04-01 16:29:00,3.75,14839.0,United Kingdom
45841,493543,21916,SET 12 RETRO WHITE CHALK STICKS,12,2010-04-01 16:29:00,0.42,14839.0,United Kingdom
45842,493543,85038,6 CHOCOLATE LOVE HEART T-LIGHTS,6,2010-04-01 16:29:00,2.1,14839.0,United Kingdom
45843,493543,72122,COFFEE SCENT PILLAR CANDLE,7,2010-04-01 16:29:00,0.95,14839.0,United Kingdom
45844,493543,21645,ASSORTED TUTTI FRUTTI ROUND BOX,12,2010-04-01 16:29:00,1.65,14839.0,United Kingdom
45845,493543,16161P,WRAP ENGLISH ROSE ,25,2010-04-01 16:29:00,0.42,14839.0,United Kingdom
45846,493543,21500,PINK SPOTS  WRAP ,25,2010-04-01 16:29:00,0.42,14839.0,United Kingdom
45847,493543,21499,BLUE SPOTS  WRAP,25,2010-04-01 16:29:00,0.42,14839.0,United Kingdom
45848,493543,16161M,WRAP  PINK FLOCK,25,2010-04-01 16:29:00,0.42,14839.0,United Kingdom
45849,493543,22047,EMPIRE GIFT WRAP,25,2010-04-01 16:29:00,0.42,14839.0,United Kingdom
45850,493543,21621,VINTAGE UNION JACK BUNTING,2,2010-04-01 16:29:00,8.5,14839.0,United Kingdom
45851,493543,21754,HOME BUILDING BLOCK WORD,1,2010-04-01 16:29:00,5.95,14839.0,United Kingdom
45852,493543,21756,BATH BUILDING BLOCK WORD,1,2010-04-01 16:29:00,5.95,14839.0,United Kingdom
45853,493543,84687,BEACH HUT SHELF W 3 DRAWERS,2,2010-04-01 16:29:00,5.95,14839.0,United Kingdom
45854,493543,84837,WHITE SWEETHEARTS CABINET 4 DRAWERS,2,2010-04-01 16:29:00,12.75,14839.0,United Kingdom
45855,493543,21381,MINI WOODEN HAPPY BIRTHDAY GARLAND,8,2010-04-01 16:29:00,1.69,14839.0,United Kingdom
45856,493543,79323GR,GREEN CHERRY LIGHTS,2,2010-04-01 16:29:00,6.75,14839.0,United Kingdom
45857,493543,21034,REX CASH+CARRY JUMBO SHOPPER,6,2010-04-01 16:29:00,0.95,14839.0,United Kingdom
45858,493543,22335,HEART DECORATION PAINTED ZINC ,10,2010-04-01 16:29:00,0.65,14839.0,United Kingdom
45859,493543,17129F,DEEP BLUE GLASS GEMS IN BAG,8,2010-04-01 16:29:00,0.85,14839.0,United Kingdom
45860,493543,22277,COSMETIC BAG VINTAGE ROSE PAISLEY,10,2010-04-01 16:29:00,2.1,14839.0,United Kingdom
45861,493543,85123A,WHITE HANGING HEART T-LIGHT HOLDER,5,2010-04-01 16:29:00,2.95,14839.0,United Kingdom
45862,493543,20854,BLUE PATCH PURSE PINK HEART,6,2010-04-01 16:29:00,1.65,14839.0,United Kingdom
45863,493543,20863,BLUE PATCH PENCIL CASE PINK HEART,2,2010-04-01 16:29:00,2.1,14839.0,United Kingdom
45864,493543,20862,PINK PATCH PENCIL CASE BLUE HEART,2,2010-04-01 16:29:00,2.1,14839.0,United Kingdom
45865,493543,20864,DENIM PATCH PENCIL CASE BUTTERFLY,2,2010-04-01 16:29:00,2.1,14839.0,United Kingdom
45866,493543,20990,SPRING FLOWER CHOPSTICKS SET/5,8,2010-04-01 16:29:00,1.95,14839.0,United Kingdom
45867,493543,37476,CONDIMENT TRAY 4 BOWLS AND 4 SPOONS,2,2010-04-01 16:29:00,9.95,14839.0,United Kingdom
45868,493543,21124,SET/10 BLUE SPOTTY PARTY CANDLES,5,2010-04-01 16:29:00,1.25,14839.0,United Kingdom
45869,493543,21122,SET/10 PINK SPOTTY PARTY CANDLES,5,2010-04-01 16:29:00,1.25,14839.0,United Kingdom
45870,493543,10135,COLOURING PENCILS BROWN TUBE,1,2010-04-01 16:29:00,1.25,14839.0,United Kingdom
45871,493543,84596E,SMALL LICORICE DES PINK BOWL,1,2010-04-01 16:29:00,1.25,14839.0,United Kingdom
45872,493543,20994,JAZZ HEARTS SPIRAL NOTEPAD,6,2010-04-01 16:29:00,0.85,14839.0,United Kingdom
45873,493543,22185,SLATE TILE NATURAL HANGING,10,2010-04-01 16:29:00,1.65,14839.0,United Kingdom
45874,493546,21931,JUMBO STORAGE BAG SUKI,1,2010-04-01 17:03:00,1.95,17969.0,United Kingdom
45875,493546,20712,JUMBO BAG WOODLAND ANIMALS,2,2010-04-01 17:03:00,1.95,17969.0,United Kingdom
45876,493546,84029E,RED WOOLLY HOTTIE WHITE HEART.,2,2010-04-01 17:03:00,3.75,17969.0,United Kingdom
45877,493546,75131,METAL TUBE CHIME ON BAMBOO,10,2010-04-01 17:03:00,1.69,17969.0,United Kingdom
45878,493546,21924,BLUE/CREAM STRIPE FRINGE HAMMOCK,2,2010-04-01 17:03:00,7.95,17969.0,United Kingdom
45879,493546,21481,FAWN BLUE HOT WATER BOTTLE,2,2010-04-01 17:03:00,2.95,17969.0,United Kingdom
45880,493546,21364,PEACE SMALL WOOD LETTERS,1,2010-04-01 17:03:00,6.75,17969.0,United Kingdom
45881,493546,85042,ANTIQUE LILY FAIRY LIGHTS,5,2010-04-01 17:03:00,4.95,17969.0,United Kingdom
45882,493546,71053,WHITE METAL LANTERN,1,2010-04-01 17:03:00,3.75,17969.0,United Kingdom
45883,493546,79323B,BLACK CHERRY LIGHTS,2,2010-04-01 17:03:00,6.75,17969.0,United Kingdom
45884,493546,79323GR,GREEN CHERRY LIGHTS,2,2010-04-01 17:03:00,6.75,17969.0,United Kingdom
45885,493546,15056BL,EDWARDIAN PARASOL BLACK,1,2010-04-01 17:03:00,5.95,17969.0,United Kingdom
45886,493546,15056BL,EDWARDIAN PARASOL BLACK,1,2010-04-01 17:03:00,5.95,17969.0,United Kingdom
45887,493546,40016,CHINESE DRAGON PAPER LANTERNS,24,2010-04-01 17:03:00,0.42,17969.0,United Kingdom
45888,493565,21477,STRING OF 20 ROSE LIGHTS,10,2010-04-01 17:39:00,10.95,17950.0,United Kingdom
45889,493565,84933C,LARGE BLUE ORIENTAL FOLDING STOOL,1,2010-04-01 17:39:00,9.95,17950.0,United Kingdom
45890,493565,90214S,"LETTER ""S"" BLING KEY RING",1,2010-04-01 17:39:00,1.25,17950.0,United Kingdom
45891,493565,90214G,"LETTER ""G"" BLING KEY RING",1,2010-04-01 17:39:00,1.25,17950.0,United Kingdom
45892,493565,90214N,"LETTER ""N"" BLING KEY RING",1,2010-04-01 17:39:00,1.25,17950.0,United Kingdom
45893,493565,90214N,"LETTER ""N"" BLING KEY RING",1,2010-04-01 17:39:00,1.25,17950.0,United Kingdom
45894,493565,90214C,"LETTER ""C"" BLING KEY RING",1,2010-04-01 17:39:00,1.25,17950.0,United Kingdom
45895,493565,21690,SILVER  CANDLEPOT JARDIN ,2,2010-04-01 17:39:00,3.75,17950.0,United Kingdom
45896,493566,21100,CHARLIE AND LOLA CHARLOTTE BAG,50,2010-05-01 08:59:00,0.85,15291.0,United Kingdom
45897,493566,82486,WOOD S/3 CABINET ANT WHITE FINISH,24,2010-05-01 08:59:00,6.95,15291.0,United Kingdom
45898,493566,21217,RED SPOTTY ROUND CAKE TINS,12,2010-05-01 08:59:00,8.95,15291.0,United Kingdom
45900,493568,84997A,GREEN 3 PIECE MINI DOTS CUTLERY SET,6,2010-05-01 09:16:00,3.75,16875.0,United Kingdom
45901,493568,21240,BLUE  SPOTTY CUP,8,2010-05-01 09:16:00,0.85,16875.0,United Kingdom
45902,493568,21241,GREEN SPOTTY CUP,8,2010-05-01 09:16:00,0.85,16875.0,United Kingdom
45903,493568,21239,PINK  SPOTTY CUP,8,2010-05-01 09:16:00,0.85,16875.0,United Kingdom
45904,493568,21238,RED SPOTTY CUP,8,2010-05-01 09:16:00,0.85,16875.0,United Kingdom
45905,493568,21245,GREEN  SPOTTY PLATE ,8,2010-05-01 09:16:00,1.69,16875.0,United Kingdom
45906,493568,20674,GREEN SPOTTY BOWL,8,2010-05-01 09:16:00,1.25,16875.0,United Kingdom
45907,493568,21244,BLUE  SPOTTY PLATE ,8,2010-05-01 09:16:00,1.69,16875.0,United Kingdom
45908,493568,20675,BLUE SPOTTY BOWL,8,2010-05-01 09:16:00,1.25,16875.0,United Kingdom
45909,493568,21243,PINK  SPOTTY PLATE ,8,2010-05-01 09:16:00,1.69,16875.0,United Kingdom
45910,493568,21242,RED SPOTTY PLATE ,8,2010-05-01 09:16:00,1.69,16875.0,United Kingdom
45911,493568,20676,RED SPOTTY BOWL,8,2010-05-01 09:16:00,1.25,16875.0,United Kingdom
45912,493568,21667,GLASS CAKE COVER AND PLATE,2,2010-05-01 09:16:00,16.95,16875.0,United Kingdom
45913,493568,20677,PINK SPOTTY BOWL,8,2010-05-01 09:16:00,1.25,16875.0,United Kingdom
45914,493568,21659,GLASS CAKE STAND,2,2010-05-01 09:16:00,14.95,16875.0,United Kingdom
45915,493568,20832,RED FLOCK LOVE HEART PHOTO FRAME,24,2010-05-01 09:16:00,0.85,16875.0,United Kingdom
45916,493568,84992,72 SWEETHEART FAIRY CAKE CASES,24,2010-05-01 09:16:00,0.55,16875.0,United Kingdom
45917,493568,84050,PINK HEART SHAPE EGG FRYING PAN,6,2010-05-01 09:16:00,1.65,16875.0,United Kingdom
45918,493568,22195,HEART MEASURING SPOONS LARGE,12,2010-05-01 09:16:00,1.65,16875.0,United Kingdom
45919,493568,22196,HEART MEASURING SPOONS SMALL,12,2010-05-01 09:16:00,0.85,16875.0,United Kingdom
45920,493568,84378,SET OF 3 HEART COOKIE CUTTERS,12,2010-05-01 09:16:00,1.25,16875.0,United Kingdom
45921,493568,21354,TOAST ITS - BEST MUM,12,2010-05-01 09:16:00,1.25,16875.0,United Kingdom
45922,493568,22236,CAKE STAND 3 TIER MAGIC GARDEN,2,2010-05-01 09:16:00,12.75,16875.0,United Kingdom
45923,493568,21217,RED SPOTTY ROUND CAKE TINS,2,2010-05-01 09:16:00,9.95,16875.0,United Kingdom
45924,493568,20914,SET/5 RED SPOTTY LID GLASS BOWLS,6,2010-05-01 09:16:00,2.95,16875.0,United Kingdom
45925,493568,37503,TEA TIME CAKE STAND IN GIFT BOX,2,2010-05-01 09:16:00,10.75,16875.0,United Kingdom
45926,493568,22270,HAPPY EASTER HANGING DECORATION,4,2010-05-01 09:16:00,3.75,16875.0,United Kingdom
45927,493568,21764,VINTAGE WOODEN PLATE RACK,1,2010-05-01 09:16:00,39.95,16875.0,United Kingdom
45928,493568,21274,EMBOSSED HEART 3 DRAWER SHELF,1,2010-05-01 09:16:00,12.75,16875.0,United Kingdom
45929,493568,22078,RIBBON REEL LACE DESIGN ,10,2010-05-01 09:16:00,2.1,16875.0,United Kingdom
45930,493568,84970L,SINGLE HEART ZINC T-LIGHT HOLDER,12,2010-05-01 09:16:00,0.95,16875.0,United Kingdom
45931,493568,84970S,HANGING HEART ZINC T-LIGHT HOLDER,12,2010-05-01 09:16:00,0.85,16875.0,United Kingdom
45932,493568,21755,LOVE BUILDING BLOCK WORD,6,2010-05-01 09:16:00,5.95,16875.0,United Kingdom
45933,493568,85123A,WHITE HANGING HEART T-LIGHT HOLDER,12,2010-05-01 09:16:00,2.95,16875.0,United Kingdom
45934,493568,84997D,PINK 3 PIECE MINI DOTS CUTLERY SET,6,2010-05-01 09:16:00,3.75,16875.0,United Kingdom
45935,493568,84997C,BLUE 3 PIECE MINI DOTS CUTLERY SET,6,2010-05-01 09:16:00,3.75,16875.0,United Kingdom
45936,493568,84997B,RED 3 PIECE MINI DOTS CUTLERY SET,6,2010-05-01 09:16:00,3.75,16875.0,United Kingdom
45937,493569,20704,MR ROBOT SOFT TOY,8,2010-05-01 09:29:00,2.95,13901.0,United Kingdom
45938,493569,20705,MRS ROBOT SOFT TOY,8,2010-05-01 09:29:00,2.95,13901.0,United Kingdom
45939,493569,35609A,PINK FEATHER CHRISTMAS DECORATION,24,2010-05-01 09:29:00,0.19,13901.0,United Kingdom
45940,493569,72750B,"F.FAIRY S/3 CANDLE/GLASS,LAVENDER",8,2010-05-01 09:29:00,1.95,13901.0,United Kingdom
45941,493569,72753D,S/3 FLWR FAIRY SUMMER CANDLES,8,2010-05-01 09:29:00,2.1,13901.0,United Kingdom
45942,493569,72754B,F FAIRY POTPOURRI CUSHIONS LAVENDER,36,2010-05-01 09:29:00,0.65,13901.0,United Kingdom
45943,493569,72772,SET/4 SCENTED CANDLES IN RAMEKINS,32,2010-05-01 09:29:00,1.25,13901.0,United Kingdom
45944,493569,22283,6 EGG HOUSE PAINTED WOOD,2,2010-05-01 09:29:00,7.95,13901.0,United Kingdom
45945,493569,21733,RED HANGING HEART T-LIGHT HOLDER,12,2010-05-01 09:29:00,2.95,13901.0,United Kingdom
45946,493569,85123A,WHITE HANGING HEART T-LIGHT HOLDER,12,2010-05-01 09:29:00,2.95,13901.0,United Kingdom
45947,493569,84029C,BROWN FURRY HOT WATER BOTTLE,4,2010-05-01 09:29:00,3.75,13901.0,United Kingdom
45948,493569,21485,RED SPOT HEART HOT WATER BOTTLE,3,2010-05-01 09:29:00,4.95,13901.0,United Kingdom
45949,493569,84029G,KNITTED UNION FLAG HOT WATER BOTTLE,4,2010-05-01 09:29:00,3.75,13901.0,United Kingdom
45950,493570,84509C,DOTTY PLACEMATS ,1,2010-05-01 09:31:00,3.75,,United Kingdom
45951,493570,84510C,SET OF 4 POLKADOTS COASTERS,1,2010-05-01 09:31:00,1.25,,United Kingdom
45952,493571,82486,WOOD S/3 CABINET ANT WHITE FINISH,2,2010-05-01 10:07:00,7.95,14198.0,United Kingdom
45953,493571,48194,DOORMAT HEARTS,4,2010-05-01 10:07:00,6.75,14198.0,United Kingdom
45954,493571,48187,DOOR MAT NEW ENGLAND,2,2010-05-01 10:07:00,6.75,14198.0,United Kingdom
45955,493571,82482,WOODEN PICTURE FRAME WHITE FINISH,6,2010-05-01 10:07:00,2.55,14198.0,United Kingdom
45956,493571,82483,WOOD 2 DRAWER CABINET WHITE FINISH,4,2010-05-01 10:07:00,5.95,14198.0,United Kingdom
45957,493571,48111,DOOR MAT 3 SMILEY CATS,2,2010-05-01 10:07:00,6.75,14198.0,United Kingdom
45958,493571,84839,SWEETHEART KEY CABINET,2,2010-05-01 10:07:00,6.75,14198.0,United Kingdom
45959,493571,85065,CREAM SWEETHEART TRAYS,1,2010-05-01 10:07:00,12.75,14198.0,United Kingdom
45961,493573,21067,VINTAGE RED TEATIME MUG,36,2010-05-01 10:18:00,0.38,18145.0,United Kingdom
45962,493573,21160,KEEP OUT GIRLS DOOR HANGER ,24,2010-05-01 10:18:00,0.38,18145.0,United Kingdom
45963,493573,21161,KEEP OUT BOYS DOOR HANGER ,24,2010-05-01 10:18:00,0.38,18145.0,United Kingdom
45964,493573,21248,DOOR HANGER  MUM + DADS ROOM,24,2010-05-01 10:18:00,0.38,18145.0,United Kingdom
45965,493573,21706,"FOLDING UMBRELLA , RED/WHITE SPOT",24,2010-05-01 10:18:00,1.95,18145.0,United Kingdom
45966,493573,21232,STRAWBERRY CERAMIC TRINKET BOX,12,2010-05-01 10:18:00,1.25,18145.0,United Kingdom
45967,493573,21066,VINTAGE RED MUG,36,2010-05-01 10:18:00,0.38,18145.0,United Kingdom
45968,493573,85231E,STRAWBERRY SCENTED SET/9 T-LIGHTS,24,2010-05-01 10:18:00,0.85,18145.0,United Kingdom
45969,493573,85231G,ORANGE SCENTED SET/9 T-LIGHTS,12,2010-05-01 10:18:00,0.85,18145.0,United Kingdom
45970,493573,84869,CANDY BUTTON PHOTO ALBUM,12,2010-05-01 10:18:00,1.95,18145.0,United Kingdom
45971,493573,85221,ASSORTED COLOUR SILK COIN PURSE,120,2010-05-01 10:18:00,0.38,18145.0,United Kingdom
45972,493573,85222,ASSORTED COLOUR SILK COSMETIC PURSE,120,2010-05-01 10:18:00,0.65,18145.0,United Kingdom
45973,493573,85224,ASSORTED COLOUR SILK GLASSES CASE,60,2010-05-01 10:18:00,0.38,18145.0,United Kingdom
45974,493573,20984,12 PENCILS TALL TUBE POSY,48,2010-05-01 10:18:00,0.19,18145.0,United Kingdom
45975,493573,20714,POSY SHOPPER BAG,100,2010-05-01 10:18:00,0.38,18145.0,United Kingdom
45976,493574,21244,BLUE  SPOTTY PLATE ,8,2010-05-01 10:19:00,1.69,15521.0,United Kingdom
45977,493574,22138,BAKING SET 9 PIECE RETROSPOT ,3,2010-05-01 10:19:00,4.95,15521.0,United Kingdom
45978,493574,84997A,GREEN 3 PIECE MINI DOTS CUTLERY SET,6,2010-05-01 10:19:00,3.75,15521.0,United Kingdom
45979,493574,84997B,RED 3 PIECE MINI DOTS CUTLERY SET,6,2010-05-01 10:19:00,3.75,15521.0,United Kingdom
45980,493574,84997C,BLUE 3 PIECE MINI DOTS CUTLERY SET,6,2010-05-01 10:19:00,3.75,15521.0,United Kingdom
45981,493574,21058,PARTY INVITES WOODLAND,12,2010-05-01 10:19:00,0.85,15521.0,United Kingdom
45982,493574,21432,SET OF 3 CASES WOODLAND DESIGN,2,2010-05-01 10:19:00,5.95,15521.0,United Kingdom
45983,493574,84968C,S/16 VINTAGE PISTACHIO CUTLERY,1,2010-05-01 10:19:00,12.75,15521.0,United Kingdom
45984,493574,20749,ASSORTED COLOUR MINI CASES,2,2010-05-01 10:19:00,7.95,15521.0,United Kingdom
45985,493574,22090,PAPER BUNTING RETRO SPOTS,6,2010-05-01 10:19:00,2.95,15521.0,United Kingdom
45986,493574,22083,PAPER CHAIN KIT RETRO SPOT,40,2010-05-01 10:19:00,2.55,15521.0,United Kingdom
45987,493574,84077,WORLD WAR 2 GLIDERS ASSTD DESIGNS,96,2010-05-01 10:19:00,0.21,15521.0,United Kingdom
45988,493574,21499,BLUE SPOTS  WRAP,50,2010-05-01 10:19:00,0.42,15521.0,United Kingdom
45989,493574,21498,RED SPOTS  WRAP ,50,2010-05-01 10:19:00,0.42,15521.0,United Kingdom
45990,493574,21497,FANCY FONTS BIRTHDAY WRAP,25,2010-05-01 10:19:00,0.42,15521.0,United Kingdom
45991,493574,22045,SPACE BOY GIFT WRAP,25,2010-05-01 10:19:00,0.42,15521.0,United Kingdom
45992,493574,21731,RED TOADSTOOL LED NIGHT LIGHT,48,2010-05-01 10:19:00,1.65,15521.0,United Kingdom
45993,493574,20674,GREEN SPOTTY BOWL,8,2010-05-01 10:19:00,1.25,15521.0,United Kingdom
45994,493574,20675,BLUE SPOTTY BOWL,8,2010-05-01 10:19:00,1.25,15521.0,United Kingdom
45995,493574,20676,RED SPOTTY BOWL,8,2010-05-01 10:19:00,1.25,15521.0,United Kingdom
45996,493574,20750, RED/WHITE DOT MINI CASES,2,2010-05-01 10:19:00,7.95,15521.0,United Kingdom
45997,493574,20725,LUNCH BAG RED SPOTTY,10,2010-05-01 10:19:00,1.65,15521.0,United Kingdom
45998,493574,21238,RED SPOTTY CUP,8,2010-05-01 10:19:00,0.85,15521.0,United Kingdom
45999,493574,21241,GREEN SPOTTY CUP,8,2010-05-01 10:19:00,0.85,15521.0,United Kingdom
46000,493574,21242,RED SPOTTY PLATE ,8,2010-05-01 10:19:00,1.69,15521.0,United Kingdom
46001,493574,21245,GREEN  SPOTTY PLATE ,8,2010-05-01 10:19:00,1.69,15521.0,United Kingdom
46002,493575,47556B,TEA TIME TEA TOWELS ,6,2010-05-01 10:46:00,2.95,18171.0,United Kingdom
46003,493575,37449,CERAMIC CAKE STAND + HANGING CAKES,8,2010-05-01 10:46:00,8.5,18171.0,United Kingdom
46004,493575,22060,LARGE CAKE STAND HANGING HEARTS,4,2010-05-01 10:46:00,9.95,18171.0,United Kingdom
46005,493575,37448,CERAMIC CAKE DESIGN SPOTTED MUG,48,2010-05-01 10:46:00,1.25,18171.0,United Kingdom
46006,493575,79030G,"TUMBLER, NEW ENGLAND",6,2010-05-01 10:46:00,1.65,18171.0,United Kingdom
46007,493575,21551,CERAMIC BIRDHOUSE BUTTERFLY LARGE,4,2010-05-01 10:46:00,5.95,18171.0,United Kingdom
46008,493575,21552,CERAMIC BIRDHOUSE BLACK ROSE  LARGE,4,2010-05-01 10:46:00,5.95,18171.0,United Kingdom
46009,493575,21554,CERAMIC BIRDHOUSE RED ROOF LARGE,4,2010-05-01 10:46:00,5.95,18171.0,United Kingdom
46010,493575,85123A,WHITE HANGING HEART T-LIGHT HOLDER,12,2010-05-01 10:46:00,2.95,18171.0,United Kingdom
46015,493577,85118,HEART T-LIGHT HOLDER,48,2010-05-01 11:16:00,0.38,13557.0,United Kingdom
46016,493577,85123A,WHITE HANGING HEART T-LIGHT HOLDER,6,2010-05-01 11:16:00,2.95,13557.0,United Kingdom
46017,493577,85184C,S/4 VALENTINE DECOUPAGE HEART BOX,6,2010-05-01 11:16:00,2.95,13557.0,United Kingdom
46018,493577,21232,STRAWBERRY CERAMIC TRINKET BOX,24,2010-05-01 11:16:00,1.25,13557.0,United Kingdom
46019,493577,22125,UNION JACK HOT WATER BOTTLE ,3,2010-05-01 11:16:00,5.95,13557.0,United Kingdom
46020,493577,15060B,FAIRY CAKE DESIGN UMBRELLA,4,2010-05-01 11:16:00,3.75,13557.0,United Kingdom
46021,493577,20993,JAZZ HEARTS MEMO PAD,48,2010-05-01 11:16:00,0.19,13557.0,United Kingdom
46022,493577,21485,RED SPOT HEART HOT WATER BOTTLE,3,2010-05-01 11:16:00,4.95,13557.0,United Kingdom
46023,493577,21486,PINK HEART DOTS HOT WATER BOTTLE,4,2010-05-01 11:16:00,3.75,13557.0,United Kingdom
46024,493577,22054,MINI CAKE STAND HANGING HEARTS,8,2010-05-01 11:16:00,1.65,13557.0,United Kingdom
46025,493577,21985,PACK OF 12 HEARTS DESIGN TISSUES ,48,2010-05-01 11:16:00,0.29,13557.0,United Kingdom
46026,493577,22058,CERAMIC LOVE HEARTS DESIGN MUG,12,2010-05-01 11:16:00,1.49,13557.0,United Kingdom
46027,493577,22066,LOVE HEART TRINKET POT,12,2010-05-01 11:16:00,1.45,13557.0,United Kingdom
46028,493577,85038,6 CHOCOLATE LOVE HEART T-LIGHTS,12,2010-05-01 11:16:00,2.1,13557.0,United Kingdom
46029,493577,37448,CERAMIC CAKE DESIGN SPOTTED MUG,12,2010-05-01 11:16:00,1.49,13557.0,United Kingdom
46030,493577,84249D,FAIRY CAKE GREETINGS CARD,12,2010-05-01 11:16:00,0.42,13557.0,United Kingdom
46031,493577,84520D,PACK OF 20 FAIRY CAKE PAPER NAPKINS,12,2010-05-01 11:16:00,0.85,13557.0,United Kingdom
46032,493577,84247G,"DECOUPAGE,GREETING CARD,",12,2010-05-01 11:16:00,0.42,13557.0,United Kingdom
46033,493577,21481,FAWN BLUE HOT WATER BOTTLE,6,2010-05-01 11:16:00,2.95,13557.0,United Kingdom
46034,493577,20717,STRAWBERRY SHOPPER BAG,10,2010-05-01 11:16:00,1.25,13557.0,United Kingdom
46035,493609,16156S,WRAP PINK FAIRY CAKES ,100,2010-05-01 11:29:00,0.42,17949.0,United Kingdom
46036,493613,84050,PINK HEART SHAPE EGG FRYING PAN,408,2010-05-01 11:31:00,1.25,17949.0,United Kingdom
46037,493619,21275,ZINC TOP  2 DOOR WOODEN SHELF ,8,2010-05-01 11:34:00,3.95,18051.0,United Kingdom
46038,493619,21486,PINK HEART DOTS HOT WATER BOTTLE,24,2010-05-01 11:34:00,1.65,18051.0,United Kingdom
46039,493619,21581,SKULLS  DESIGN  COTTON TOTE BAG,48,2010-05-01 11:34:00,0.85,18051.0,United Kingdom
46040,493619,21710,FOLDING UMBRELLA  PINK/WHITE  SPOT,24,2010-05-01 11:34:00,1.95,18051.0,United Kingdom
46041,493619,21945,STRAWBERRIES  DESIGN FLANNEL ,48,2010-05-01 11:34:00,0.38,18051.0,United Kingdom
46042,493619,22356,"CHARLOTTE BAG , PINK/WHITE SPOTS",30,2010-05-01 11:34:00,0.85,18051.0,United Kingdom
46043,493619,21232,STRAWBERRY CERAMIC TRINKET BOX,72,2010-05-01 11:34:00,1.06,18051.0,United Kingdom
46044,493619,22227,"DECORATION, HANGING HEART+MIRROR ",24,2010-05-01 11:34:00,0.65,18051.0,United Kingdom
46045,493619,84836,ZINC METAL HEART DECORATION,12,2010-05-01 11:34:00,1.25,18051.0,United Kingdom
46047,493665,20752,RETRO BLUE SPOTTY WASHING UP GLOVES,1,2010-05-01 12:00:00,2.1,,United Kingdom
46048,493665,22315,200 RED + WHITE BENDY STRAWS,1,2010-05-01 12:00:00,1.25,,United Kingdom
46049,493666,85142,JARDIN ETCHED GLASS GINGER JAR,3,2010-05-01 12:06:00,7.95,16017.0,United Kingdom
46050,493666,21656,RIDGED GLASS POSY VASE ,12,2010-05-01 12:06:00,1.45,16017.0,United Kingdom
46051,493666,10135,COLOURING PENCILS BROWN TUBE,10,2010-05-01 12:06:00,1.25,16017.0,United Kingdom
46052,493666,21280,VINTAGE KITCHEN PRINT VEGETABLES,6,2010-05-01 12:06:00,2.55,16017.0,United Kingdom
46053,493666,21322,GLASS SPHERE CANDLE STAND LARGE ,2,2010-05-01 12:06:00,6.95,16017.0,United Kingdom
46054,493666,21317,GLASS SPHERE CANDLE STAND MEDIUM,2,2010-05-01 12:06:00,5.45,16017.0,United Kingdom
46055,493666,21534,DAIRY MAID LARGE MILK JUG,2,2010-05-01 12:06:00,4.95,16017.0,United Kingdom
46056,493666,82482,WOODEN PICTURE FRAME WHITE FINISH,4,2010-05-01 12:06:00,2.55,16017.0,United Kingdom
46057,493666,82494L,WOODEN FRAME ANTIQUE WHITE ,2,2010-05-01 12:06:00,2.95,16017.0,United Kingdom
46058,493666,21536,DAIRY MAID  SMALL  MILK JUG,3,2010-05-01 12:06:00,2.1,16017.0,United Kingdom
46059,493666,20862,PINK PATCH PENCIL CASE BLUE HEART,3,2010-05-01 12:06:00,2.1,16017.0,United Kingdom
46060,493666,20864,DENIM PATCH PENCIL CASE BUTTERFLY,3,2010-05-01 12:06:00,2.1,16017.0,United Kingdom
46061,493666,20857,BLUE ROSE PATCH PURSE PINK BUTTERFL,3,2010-05-01 12:06:00,1.65,16017.0,United Kingdom
46062,493666,20856,DENIM PATCH PURSE PINK BUTTERFLY,3,2010-05-01 12:06:00,1.65,16017.0,United Kingdom
46063,493666,21485,RED SPOT HEART HOT WATER BOTTLE,3,2010-05-01 12:06:00,4.95,16017.0,United Kingdom
46064,493666,21486,PINK HEART DOTS HOT WATER BOTTLE,3,2010-05-01 12:06:00,3.75,16017.0,United Kingdom
46065,493666,22111,SCOTTIE DOG HOT WATER BOTTLE,3,2010-05-01 12:06:00,4.95,16017.0,United Kingdom
46066,493666,21430,SET/3 RED GINGHAM ROSE STORAGE BOX,2,2010-05-01 12:06:00,3.75,16017.0,United Kingdom
46067,493666,21438,TUB 24 HANGING EASTER EGGS SPOTTY,12,2010-05-01 12:06:00,3.75,16017.0,United Kingdom
46068,493666,35654,VINTAGE BEAD FILLED PINK CUSHION,3,2010-05-01 12:06:00,4.95,16017.0,United Kingdom
46069,493666,21114,LAVENDER SCENTED FABRIC HEART,25,2010-05-01 12:06:00,1.25,16017.0,United Kingdom
46070,493666,21616,4 PEAR BOTANICAL DINNER CANDLES,6,2010-05-01 12:06:00,3.75,16017.0,United Kingdom
46071,493666,21620,S/4 ROSE    BOTANICAL  CANDLE,6,2010-05-01 12:06:00,3.75,16017.0,United Kingdom
46072,493666,21407,BROWN CHECK CAT DOORSTOP ,2,2010-05-01 12:06:00,4.25,16017.0,United Kingdom
46073,493666,21609,SET 12 LAVENDER  BOTANICAL T-LIGHTS,6,2010-05-01 12:06:00,2.95,16017.0,United Kingdom
46074,493666,21618,4 WILDFLOWER BOTANICAL CANDLES,6,2010-05-01 12:06:00,3.75,16017.0,United Kingdom
46075,493666,21612,SET 12 WILDFLOWER BOTANICAL T-LIGHT,6,2010-05-01 12:06:00,2.95,16017.0,United Kingdom
46076,493666,21614,SET OF 12 ROSE BOTANICAL T-LIGHTS,6,2010-05-01 12:06:00,2.95,16017.0,United Kingdom
46077,493666,21610,SET 12 PEAR BOTANICAL T-LIGHTS,6,2010-05-01 12:06:00,2.95,16017.0,United Kingdom
46078,493666,21737,SET 3 WICKER LOG BASKETS,3,2010-05-01 12:06:00,19.95,16017.0,United Kingdom
46079,493666,21034,REX CASH+CARRY JUMBO SHOPPER,1,2010-05-01 12:06:00,0.95,16017.0,United Kingdom
46080,493666,21256,"FRENCH BOTTLE, BRASSERIE DES ARTIST",12,2010-05-01 12:06:00,1.65,16017.0,United Kingdom
46081,493666,85141,JARDIN ETCHED GLASS FRUITBOWL,2,2010-05-01 12:06:00,10.75,16017.0,United Kingdom
46082,493666,21314,SMALL GLASS HEART TRINKET POT,4,2010-05-01 12:06:00,2.1,16017.0,United Kingdom
46083,493666,85145,JARDIN ETCHED GLASS LARGE BELL JAR,2,2010-05-01 12:06:00,12.75,16017.0,United Kingdom
46084,493666,21534,DAIRY MAID LARGE MILK JUG,1,2010-05-01 12:06:00,4.95,16017.0,United Kingdom
46085,493666,20855,PINK PATCH PURSE BLUE HEART,3,2010-05-01 12:06:00,1.65,16017.0,United Kingdom
46086,493666,20854,BLUE PATCH PURSE PINK HEART,3,2010-05-01 12:06:00,1.65,16017.0,United Kingdom
46087,493667,72740A,LARGE STRAWBERRY CHOCOLATE CANDLE,13,2010-05-01 12:13:00,1.25,13253.0,United Kingdom
46088,493667,72772,SET/4 SCENTED CANDLES IN RAMEKINS,32,2010-05-01 12:13:00,1.25,13253.0,United Kingdom
46089,493667,20748,KENSINGTON COFFEE SET,18,2010-05-01 12:13:00,3.95,13253.0,United Kingdom
46090,493667,20752,RETRO BLUE SPOTTY WASHING UP GLOVES,36,2010-05-01 12:13:00,0.85,13253.0,United Kingdom
46091,493667,20935,ROUND CACTUS CANDLE,24,2010-05-01 12:13:00,1.25,13253.0,United Kingdom
46092,493667,21043,APRON MODERN VINTAGE COTTON,30,2010-05-01 12:13:00,1.95,13253.0,United Kingdom
46093,493667,21066,VINTAGE RED MUG,72,2010-05-01 12:13:00,0.38,13253.0,United Kingdom
46094,493667,21067,VINTAGE RED TEATIME MUG,72,2010-05-01 12:13:00,0.38,13253.0,United Kingdom
46095,493667,21070,VINTAGE BILLBOARD MUG ,72,2010-05-01 12:13:00,0.38,13253.0,United Kingdom
46096,493667,21289,LARGE STRIPES CHOCOLATE GIFT BAG,48,2010-05-01 12:13:00,0.38,13253.0,United Kingdom
46097,493667,21292,SMALL STRIPES CHOCOLATE GIFT BAG ,64,2010-05-01 12:13:00,0.19,13253.0,United Kingdom
46098,493667,21779,MA CAMPAGNE MINI WOODEN CHEST,16,2010-05-01 12:13:00,2.95,13253.0,United Kingdom
46099,493667,22110,BIRD HOUSE HOT WATER BOTTLE,36,2010-05-01 12:13:00,1.25,13253.0,United Kingdom
46100,493667,85132A,CHARLIE + LOLA BISCUITS TINS,12,2010-05-01 12:13:00,3.95,13253.0,United Kingdom
46101,493667,20936,FORKED CACTUS CANDLE,24,2010-05-01 12:13:00,1.25,13253.0,United Kingdom
46102,493667,20941,FROG CANDLE,72,2010-05-01 12:13:00,0.38,13253.0,United Kingdom
46103,493667,21040,MODERN VINTAGE COTTON SHOPPING BAG,48,2010-05-01 12:13:00,0.85,13253.0,United Kingdom
46104,493667,21275,ZINC TOP  2 DOOR WOODEN SHELF ,16,2010-05-01 12:13:00,3.95,13253.0,United Kingdom
46105,493667,21780,MA CAMPAGNE 4 DRAWER WALL SHELF,16,2010-05-01 12:13:00,5.95,13253.0,United Kingdom
46106,493667,84032A,CHARLIE+LOLA PINK HOT WATER BOTTLE,36,2010-05-01 12:13:00,1.25,13253.0,United Kingdom
46107,493667,20933,YELLOW POT PLANT CANDLE,24,2010-05-01 12:13:00,1.25,13253.0,United Kingdom
46108,493667,82616B,FRAPPUCINO SCARF KNITTING KIT,24,2010-05-01 12:13:00,1.25,13253.0,United Kingdom
46109,493667,85167A,WHITE GRAND BAROQUE PHOTO FRAME,30,2010-05-01 12:13:00,1.25,13253.0,United Kingdom
46110,493667,20688,BEAUTY SPEED EXPRESSO CUPS,24,2010-05-01 12:13:00,1.95,13253.0,United Kingdom
46111,493667,20888,SET 3 JARDIN DE FEMME SCENT CANDLES,24,2010-05-01 12:13:00,1.25,13253.0,United Kingdom
46114,493670,79160,HEART SHAPE WIRELESS DOORBELL,2,2010-05-01 12:20:00,2.1,14653.0,United Kingdom
46115,493670,21624,VINTAGE UNION JACK DOORSTOP,2,2010-05-01 12:20:00,5.95,14653.0,United Kingdom
46116,493670,21411,GINGHAM HEART  DOORSTOP RED,4,2010-05-01 12:20:00,4.25,14653.0,United Kingdom
46117,493670,20727,LUNCH BAG  BLACK SKULL.,4,2010-05-01 12:20:00,1.65,14653.0,United Kingdom
46118,493670,20728,LUNCH BAG CARS BLUE,4,2010-05-01 12:20:00,1.65,14653.0,United Kingdom
46119,493670,20726,LUNCH BAG WOODLAND,4,2010-05-01 12:20:00,1.65,14653.0,United Kingdom
46120,493670,21932,SCANDINAVIAN PAISLEY PICNIC BAG,1,2010-05-01 12:20:00,2.95,14653.0,United Kingdom
46121,493670,20725,LUNCH BAG RED SPOTTY,4,2010-05-01 12:20:00,1.65,14653.0,United Kingdom
46122,493670,22179,SET 10 LIGHTS NIGHT OWL,2,2010-05-01 12:20:00,6.75,14653.0,United Kingdom
46123,493670,85123A,WHITE HANGING HEART T-LIGHT HOLDER,14,2010-05-01 12:20:00,2.95,14653.0,United Kingdom
46124,493670,21737,SET 3 WICKER LOG BASKETS,1,2010-05-01 12:20:00,19.95,14653.0,United Kingdom
46125,493670,84839,SWEETHEART KEY CABINET,1,2010-05-01 12:20:00,6.75,14653.0,United Kingdom
46126,493670,84837,WHITE SWEETHEARTS CABINET 4 DRAWERS,1,2010-05-01 12:20:00,12.75,14653.0,United Kingdom
46127,493670,82494L,WOODEN FRAME ANTIQUE WHITE ,6,2010-05-01 12:20:00,2.95,14653.0,United Kingdom
46128,493670,21645,ASSORTED TUTTI FRUTTI ROUND BOX,5,2010-05-01 12:20:00,1.65,14653.0,United Kingdom
46129,493670,85231L,LAVENDER SCENTED SET/9 T-LIGHTS,2,2010-05-01 12:20:00,0.85,14653.0,United Kingdom
46130,493670,85231E,STRAWBERRY SCENTED SET/9 T-LIGHTS,2,2010-05-01 12:20:00,0.85,14653.0,United Kingdom
46131,493670,72351B,SET/6 PINK  BUTTERFLY T-LIGHTS,3,2010-05-01 12:20:00,2.1,14653.0,United Kingdom
46132,493670,72351A,SET/6 TURQUOISE BUTTERFLY T-LIGHTS,3,2010-05-01 12:20:00,2.1,14653.0,United Kingdom
46133,493670,21181,PLEASE ONE PERSON  METAL SIGN,2,2010-05-01 12:20:00,2.1,14653.0,United Kingdom
46134,493670,21175,GIN + TONIC DIET METAL SIGN,2,2010-05-01 12:20:00,2.1,14653.0,United Kingdom
46135,493670,21904,HOUSE WRECKING METAL SIGN ,1,2010-05-01 12:20:00,2.1,14653.0,United Kingdom
46136,493670,85150,LADIES & GENTLEMEN METAL SIGN,2,2010-05-01 12:20:00,2.55,14653.0,United Kingdom
46137,493670,82599,FANNY'S REST STOPMETAL SIGN,2,2010-05-01 12:20:00,2.1,14653.0,United Kingdom
46138,493670,85152,HAND OVER THE CHOCOLATE   SIGN ,2,2010-05-01 12:20:00,2.1,14653.0,United Kingdom
46139,493670,22210,WOOD STAMP SET BEST WISHES,2,2010-05-01 12:20:00,1.65,14653.0,United Kingdom
46140,493670,22209,WOOD STAMP SET HAPPY BIRTHDAY,2,2010-05-01 12:20:00,1.65,14653.0,United Kingdom
46141,493670,22208,WOOD STAMP SET THANK YOU,3,2010-05-01 12:20:00,1.65,14653.0,United Kingdom
46142,493670,18098C,PORCELAIN BUTTERFLY OIL BURNER,2,2010-05-01 12:20:00,2.95,14653.0,United Kingdom
46143,493670,21864,UNION JACK FLAG PASSPORT COVER ,2,2010-05-01 12:20:00,2.1,14653.0,United Kingdom
46144,493670,22189,CREAM HEART CARD HOLDER,3,2010-05-01 12:20:00,3.95,14653.0,United Kingdom
46145,493670,72008,FROSTED BOX 9 WHITE T-LIGHT CANDLES,12,2010-05-01 12:20:00,0.42,14653.0,United Kingdom
46146,493670,85066,CREAM SWEETHEART MINI CHEST,2,2010-05-01 12:20:00,12.75,14653.0,United Kingdom
46147,493670,85065,CREAM SWEETHEART TRAYS,1,2010-05-01 12:20:00,12.75,14653.0,United Kingdom
46148,493670,85063,CREAM SWEETHEART MAGAZINE RACK,1,2010-05-01 12:20:00,16.95,14653.0,United Kingdom
46149,493670,82482,WOODEN PICTURE FRAME WHITE FINISH,6,2010-05-01 12:20:00,2.55,14653.0,United Kingdom
46150,493670,21755,LOVE BUILDING BLOCK WORD,4,2010-05-01 12:20:00,5.95,14653.0,United Kingdom
46151,493670,21317,GLASS SPHERE CANDLE STAND MEDIUM,2,2010-05-01 12:20:00,5.45,14653.0,United Kingdom
46152,493670,71053,WHITE METAL LANTERN,3,2010-05-01 12:20:00,3.75,14653.0,United Kingdom
46153,493670,72741,GRAND CHOCOLATECANDLE,9,2010-05-01 12:20:00,1.45,14653.0,United Kingdom
46154,493670,71038,WHITE HANGING BEADS CANDLE HOLDER,2,2010-05-01 12:20:00,5.45,14653.0,United Kingdom
46155,493670,22275,WEEKEND BAG VINTAGE ROSE PAISLEY,1,2010-05-01 12:20:00,8.5,14653.0,United Kingdom
46156,493670,84562A,PINK/WHITE RIBBED MELAMINE JUG,1,2010-05-01 12:20:00,7.95,14653.0,United Kingdom
46157,493670,22192,BLUE DINER WALL CLOCK,1,2010-05-01 12:20:00,8.5,14653.0,United Kingdom
46158,493670,22191,EAU DE NIL DINER WALL CLOCK,1,2010-05-01 12:20:00,8.5,14653.0,United Kingdom
46159,493670,21231,SWEETHEART CERAMIC TRINKET BOX,4,2010-05-01 12:20:00,1.25,14653.0,United Kingdom
46160,493670,21385,IVORY HANGING DECORATION  HEART,24,2010-05-01 12:20:00,0.85,14653.0,United Kingdom
46161,493670,37446,MINI CAKE STAND WITH HANGING CAKES,2,2010-05-01 12:20:00,1.45,14653.0,United Kingdom
46162,493670,22058,CERAMIC LOVE HEARTS DESIGN MUG,4,2010-05-01 12:20:00,1.49,14653.0,United Kingdom
46163,493670,22062,CERAMIC BOWL WITH LOVE HEART DESIGN,1,2010-05-01 12:20:00,2.95,14653.0,United Kingdom
46164,493670,22054,MINI CAKE STAND HANGING HEARTS,2,2010-05-01 12:20:00,1.65,14653.0,United Kingdom
46165,493670,48194,DOORMAT HEARTS,1,2010-05-01 12:20:00,6.75,14653.0,United Kingdom
46166,493670,48116,DOOR MAT MULTICOLOUR STRIPE,1,2010-05-01 12:20:00,6.75,14653.0,United Kingdom
46167,493670,48187,DOOR MAT NEW ENGLAND,1,2010-05-01 12:20:00,6.75,14653.0,United Kingdom
46168,493670,48184,DOOR MAT ENGLISH ROSE ,1,2010-05-01 12:20:00,6.75,14653.0,United Kingdom
46169,493670,22365,DOORMAT RESPECTABLE HOUSE,1,2010-05-01 12:20:00,6.75,14653.0,United Kingdom
46170,493670,84580,MOUSE TOY WITH PINK T-SHIRT,2,2010-05-01 12:20:00,3.75,14653.0,United Kingdom
46171,493670,84578,ELEPHANT TOY WITH BLUE T-SHIRT,2,2010-05-01 12:20:00,3.75,14653.0,United Kingdom
46172,493670,21677,HEARTS  STICKERS,6,2010-05-01 12:20:00,0.85,14653.0,United Kingdom
46173,493670,21679,SKULLS  STICKERS,6,2010-05-01 12:20:00,0.85,14653.0,United Kingdom
46174,493670,21675,BUTTERFLIES STICKERS,6,2010-05-01 12:20:00,0.85,14653.0,United Kingdom
46175,493670,21676,FLOWERS  STICKERS,6,2010-05-01 12:20:00,0.85,14653.0,United Kingdom
46176,493670,21291,SMALL SPOTTY CHOCOLATE GIFT BAG ,16,2010-05-01 12:20:00,0.85,14653.0,United Kingdom
46177,493670,21348,PINK SPOTS CHOCOLATE NESTING BOXES ,2,2010-05-01 12:20:00,2.95,14653.0,United Kingdom
46178,493670,85226A,WHITE/BLUE PULL BACK RACING CAR,3,2010-05-01 12:20:00,0.55,14653.0,United Kingdom
46179,493670,20972,PINK CREAM FELT CRAFT TRINKET BOX ,6,2010-05-01 12:20:00,1.25,14653.0,United Kingdom
46180,493670,85226C,BLUE PULL BACK RACING CAR,3,2010-05-01 12:20:00,0.55,14653.0,United Kingdom
46181,493670,21724,PANDA AND BUNNIES STICKER SHEET,6,2010-05-01 12:20:00,0.85,14653.0,United Kingdom
46182,493670,21726,MULTI HEARTS  STICKERS,7,2010-05-01 12:20:00,0.85,14653.0,United Kingdom
46183,493670,21722,SWEET PUDDING STICKER SHEET,4,2010-05-01 12:20:00,0.85,14653.0,United Kingdom
46184,493670,21725,SWEETIES  STICKERS,3,2010-05-01 12:20:00,0.85,14653.0,United Kingdom
46185,493670,21723,ALPHABET HEARTS STICKER SHEET,6,2010-05-01 12:20:00,0.85,14653.0,United Kingdom
46186,493670,82600,NO SINGING METAL SIGN,2,2010-05-01 12:20:00,2.1,14653.0,United Kingdom
46187,493670,85035C,ROSE 3 WICK MORRIS BOX CANDLE,1,2010-05-01 12:20:00,4.25,14653.0,United Kingdom
46188,493670,85035B,CHOCOLATE 3 WICK MORRIS BOX CANDLE,1,2010-05-01 12:20:00,4.25,14653.0,United Kingdom
46189,493670,85035A,GARDENIA 3 WICK MORRIS BOXED CANDLE,1,2010-05-01 12:20:00,4.25,14653.0,United Kingdom
46190,493671,22195,LARGE HEART MEASURING SPOONS,12,2010-05-01 12:25:00,1.65,13338.0,United Kingdom
46191,493671,22138,BAKING SET 9 PIECE RETROSPOT ,3,2010-05-01 12:25:00,4.95,13338.0,United Kingdom
46192,493671,84050,PINK HEART SHAPE EGG FRYING PAN,12,2010-05-01 12:25:00,1.65,13338.0,United Kingdom
46193,493671,21086,SET/6 RED SPOTTY PAPER CUPS,12,2010-05-01 12:25:00,0.65,13338.0,United Kingdom
46194,493671,21094,SET/6 RED SPOTTY PAPER PLATES,12,2010-05-01 12:25:00,0.85,13338.0,United Kingdom
46195,493671,84926C,FAIRY CAKES TILE COASTER,12,2010-05-01 12:25:00,1.25,13338.0,United Kingdom
46196,493671,22309,TEA COSY RED  STRIPE,6,2010-05-01 12:25:00,2.55,13338.0,United Kingdom
46197,493671,21663,VINTAGE GLASS SUGAR CADDY,6,2010-05-01 12:25:00,5.95,13338.0,United Kingdom
46198,493671,22315,200 RED + WHITE BENDY STRAWS,12,2010-05-01 12:25:00,1.25,13338.0,United Kingdom
46199,493671,21210,SET OF 72 RETRO SPOT PAPER  DOILIES,12,2010-05-01 12:25:00,1.45,13338.0,United Kingdom
46200,493671,22330,72 ROUND PINK DOILIES,24,2010-05-01 12:25:00,1.45,13338.0,United Kingdom
46201,493671,21870,I CAN ONLY PLEASE ONE PERSON MUG,12,2010-05-01 12:25:00,1.25,13338.0,United Kingdom
46202,493671,37370,RETRO COFFEE MUGS ASSORTED,12,2010-05-01 12:25:00,1.25,13338.0,United Kingdom
46203,493671,84854,GIRLY PINK TOOL SET,4,2010-05-01 12:25:00,4.95,13338.0,United Kingdom
46204,493671,20734,SILVER MINI TAPE MEASURE ,10,2010-05-01 12:25:00,0.85,13338.0,United Kingdom
46205,493671,22139,RETRO SPOT TEA SET CERAMIC 11 PC ,6,2010-05-01 12:25:00,4.95,13338.0,United Kingdom
46206,493671,20707,CRAZY DAISY HEART DECORATION,12,2010-05-01 12:25:00,1.25,13338.0,United Kingdom
46207,493671,20897,VINTAGE NOTEBOOK PARIS DAYS,6,2010-05-01 12:25:00,2.95,13338.0,United Kingdom
46208,493671,85007,SET OF 3 VINTAGE TEA TIME BOXES,3,2010-05-01 12:25:00,4.65,13338.0,United Kingdom
46209,493671,21488,RED WHITE SCARF  HOT WATER BOTTLE,4,2010-05-01 12:25:00,3.95,13338.0,United Kingdom
46210,493671,84971L,LARGE HEART FLOWERS HOOK   ,12,2010-05-01 12:25:00,1.25,13338.0,United Kingdom
46211,493671,82583,HOT BATHS METAL SIGN,6,2010-05-01 12:25:00,2.1,13338.0,United Kingdom
46212,493671,84970S,HANGING HEART ZINC T-LIGHT HOLDER,12,2010-05-01 12:25:00,0.85,13338.0,United Kingdom
46213,493671,22202,MILK PAN PINK RETROSPOT,4,2010-05-01 12:25:00,3.75,13338.0,United Kingdom
46214,493671,22200,FRYING PAN PINK POLKADOT ,4,2010-05-01 12:25:00,4.25,13338.0,United Kingdom
46215,493671,21212,PACK OF 72 RETRO SPOT CAKE CASES,24,2010-05-01 12:25:00,0.55,13338.0,United Kingdom
46216,493671,84992,72 SWEETHEART FAIRY CAKE CASES,24,2010-05-01 12:25:00,0.55,13338.0,United Kingdom
46217,493671,84991,60 TEATIME FAIRY CAKE CASES,24,2010-05-01 12:25:00,0.55,13338.0,United Kingdom
46218,493671,84828,JUNGLE POPSICLES ICE LOLLY HOLDERS,12,2010-05-01 12:25:00,1.25,13338.0,United Kingdom
46219,493671,85065,CREAM SWEETHEART TRAYS,2,2010-05-01 12:25:00,12.75,13338.0,United Kingdom
46220,493671,20863,BLUE PATCH PENCIL CASE PINK HEART,6,2010-05-01 12:25:00,2.1,13338.0,United Kingdom
46221,493671,21908,CHOCOLATE THIS WAY METAL SIGN,6,2010-05-01 12:25:00,2.1,13338.0,United Kingdom
46222,493671,21181,PLEASE ONE PERSON  METAL SIGN,18,2010-05-01 12:25:00,2.1,13338.0,United Kingdom
46223,493671,21903,MAN FLU METAL SIGN,12,2010-05-01 12:25:00,2.1,13338.0,United Kingdom
46224,493671,85152,HAND OVER THE CHOCOLATE   SIGN ,6,2010-05-01 12:25:00,2.1,13338.0,United Kingdom
46225,493671,20975,12 PENCILS SMALL TUBE RED SPOTTY,24,2010-05-01 12:25:00,0.65,13338.0,United Kingdom
46226,493671,21842,PINK HEART CANDY BUTTON CALCULATOR,6,2010-05-01 12:25:00,2.55,13338.0,United Kingdom
46227,493671,20985,HEART CALCULATOR,12,2010-05-01 12:25:00,1.25,13338.0,United Kingdom
46228,493671,16156S,WRAP PINK FAIRY CAKES ,25,2010-05-01 12:25:00,0.42,13338.0,United Kingdom
46229,493671,16161P,WRAP ENGLISH ROSE ,25,2010-05-01 12:25:00,0.42,13338.0,United Kingdom
46230,493671,84616,SILVER ROCCOCO CHANDELIER,2,2010-05-01 12:25:00,29.95,13338.0,United Kingdom
46231,493671,20733,GOLD MINI TAPE MEASURE ,10,2010-05-01 12:25:00,0.85,13338.0,United Kingdom
46232,493671,47503G,ASS FLORAL PRINT TAPE MEASURE,12,2010-05-01 12:25:00,1.25,13338.0,United Kingdom
46241,493672,21086,SET/6 RED SPOTTY PAPER CUPS,4,2010-05-01 12:26:00,0.65,17861.0,United Kingdom
46242,493672,21094,SET/6 RED SPOTTY PAPER PLATES,4,2010-05-01 12:26:00,0.85,17861.0,United Kingdom
46243,493672,21080,SET/20 RED SPOTTY PAPER NAPKINS ,3,2010-05-01 12:26:00,0.85,17861.0,United Kingdom
46244,493672,20749,ASSORTED COLOUR MINI CASES,2,2010-05-01 12:26:00,7.95,17861.0,United Kingdom
46245,493672,20750, RED/WHITE DOT MINI CASES,2,2010-05-01 12:26:00,7.95,17861.0,United Kingdom
46246,493672,22138,BAKING SET 9 PIECE RETROSPOT ,3,2010-05-01 12:26:00,4.95,17861.0,United Kingdom
46247,493672,22243,"HOOK, 5 HANGER ,MAGIC TOADSTOOL RED",3,2010-05-01 12:26:00,1.65,17861.0,United Kingdom
46248,493672,21232,STRAWBERRY CERAMIC TRINKET BOX,1,2010-05-01 12:26:00,1.25,17861.0,United Kingdom
46249,493672,22066,LOVE HEART TRINKET POT,4,2010-05-01 12:26:00,1.45,17861.0,United Kingdom
46250,493672,22064,PINK DOUGHNUT TRINKET POT ,2,2010-05-01 12:26:00,1.65,17861.0,United Kingdom
46251,493672,21232,STRAWBERRY CERAMIC TRINKET BOX,2,2010-05-01 12:26:00,1.25,17861.0,United Kingdom
46252,493672,22139,RETRO SPOT TEA SET CERAMIC 11 PC ,4,2010-05-01 12:26:00,4.95,17861.0,United Kingdom
46253,493672,84559A,3D SHEET OF DOG STICKERS,6,2010-05-01 12:26:00,0.85,17861.0,United Kingdom
46254,493672,84559B,3D SHEET OF CAT STICKERS,6,2010-05-01 12:26:00,0.85,17861.0,United Kingdom
46255,493672,84559D,3D SHEET OF SEA WORLD STICKERS,6,2010-05-01 12:26:00,0.85,17861.0,United Kingdom
46256,493672,20682,RED SPOTTY CHILDS UMBRELLA,2,2010-05-01 12:26:00,3.25,17861.0,United Kingdom
46257,493672,20681,PINK SPOTTY CHILDS UMBRELLA,2,2010-05-01 12:26:00,3.25,17861.0,United Kingdom
46258,493672,20686,DOLLY MIXTURE CHILDREN'S UMBRELLA,2,2010-05-01 12:26:00,3.25,17861.0,United Kingdom
46259,493672,20684,STRAWBERRY DREAM CHILDS UMBRELLA,2,2010-05-01 12:26:00,3.25,17861.0,United Kingdom
46260,493672,21544,SKULLS  WATER TRANSFER TATTOOS ,12,2010-05-01 12:26:00,0.85,17861.0,United Kingdom
46261,493672,21542,WOODLAND WATER TRANSFER TATTOOS ,12,2010-05-01 12:26:00,0.85,17861.0,United Kingdom
46262,493672,84029G,KNITTED UNION FLAG HOT WATER BOTTLE,1,2010-05-01 12:26:00,3.75,17861.0,United Kingdom
46263,493672,22111,SCOTTIE DOG HOT WATER BOTTLE,2,2010-05-01 12:26:00,4.95,17861.0,United Kingdom
46264,493672,84763,ZINC FINISH 15CM PLANTER POTS,6,2010-05-01 12:26:00,1.25,17861.0,United Kingdom
46265,493672,84992,72 SWEETHEART FAIRY CAKE CASES,3,2010-05-01 12:26:00,0.55,17861.0,United Kingdom
46266,493672,21213,PACK OF 72 SKULL CAKE CASES,3,2010-05-01 12:26:00,0.55,17861.0,United Kingdom
46267,493672,21212,PACK OF 72 RETRO SPOT CAKE CASES,3,2010-05-01 12:26:00,0.55,17861.0,United Kingdom
46268,493672,22127,PARTY CONES CARNIVAL ASSORTED,6,2010-05-01 12:26:00,1.25,17861.0,United Kingdom
46269,493672,84380,SET OF 3 BUTTERFLY COOKIE CUTTERS,3,2010-05-01 12:26:00,1.25,17861.0,United Kingdom
46270,493672,84378,SET OF 3 HEART COOKIE CUTTERS,3,2010-05-01 12:26:00,1.25,17861.0,United Kingdom
46271,493672,84558A,3D DOG PICTURE PLAYING CARDS,1,2010-05-01 12:26:00,2.95,17861.0,United Kingdom
46272,493672,22348,TEA BAG PLATE RED SPOTTY ,1,2010-05-01 12:26:00,0.85,17861.0,United Kingdom
46273,493672,84558A,3D DOG PICTURE PLAYING CARDS,3,2010-05-01 12:26:00,2.95,17861.0,United Kingdom
46274,493672,21584,RETRO SPOT SMALL TUBE MATCHES,1,2010-05-01 12:26:00,1.65,17861.0,United Kingdom
46275,493672,21482,MUSHROOM BLUE HOT WATER BOTTLE,2,2010-05-01 12:26:00,2.95,17861.0,United Kingdom
46276,493672,21156,RED SPOTTY CHILDS APRON,4,2010-05-01 12:26:00,1.95,17861.0,United Kingdom
46277,493672,84077,WORLD WAR 2 GLIDERS ASSTD DESIGNS,48,2010-05-01 12:26:00,0.21,17861.0,United Kingdom
46278,493672,84032A,CHARLIE+LOLA PINK HOT WATER BOTTLE,2,2010-05-01 12:26:00,2.95,17861.0,United Kingdom
46279,493672,84032B,CHARLIE + LOLA RED HOT WATER BOTTLE,2,2010-05-01 12:26:00,2.95,17861.0,United Kingdom
46280,493672,22311,OFFICE MUG WARMER BLACK+SILVER ,1,2010-05-01 12:26:00,4.95,17861.0,United Kingdom
46281,493672,22254,FELT TOADSTOOL LARGE,1,2010-05-01 12:26:00,1.25,17861.0,United Kingdom
46282,493672,22024,RAINY LADIES BIRTHDAY CARD,12,2010-05-01 12:26:00,0.42,17861.0,United Kingdom
46283,493672,22025,RING OF ROSES BIRTHDAY CARD,12,2010-05-01 12:26:00,0.42,17861.0,United Kingdom
46284,493672,22036,DINOSAUR BIRTHDAY CARD,12,2010-05-01 12:26:00,0.42,17861.0,United Kingdom
46285,493672,22037,ROBOT BIRTHDAY CARD,12,2010-05-01 12:26:00,0.42,17861.0,United Kingdom
46286,493672,22023,EMPIRE BIRTHDAY CARD,12,2010-05-01 12:26:00,0.42,17861.0,United Kingdom
46287,493672,79160,HEART SHAPE WIRELESS DOORBELL,6,2010-05-01 12:26:00,2.1,17861.0,United Kingdom
46288,493672,22254,FELT TOADSTOOL LARGE,2,2010-05-01 12:26:00,1.25,17861.0,United Kingdom
46289,493672,22027,TEA PARTY BIRTHDAY CARD,12,2010-05-01 12:26:00,0.42,17861.0,United Kingdom
46290,493672,21504,SKULLS GREETING CARD,12,2010-05-01 12:26:00,0.42,17861.0,United Kingdom
46291,493672,21509,COWBOYS AND INDIANS BIRTHDAY CARD ,12,2010-05-01 12:26:00,0.42,17861.0,United Kingdom
46292,493672,21507,"ELEPHANT, BIRTHDAY CARD, ",12,2010-05-01 12:26:00,0.42,17861.0,United Kingdom
46293,493672,84249D,FAIRY CAKE GREETINGS CARD,12,2010-05-01 12:26:00,0.42,17861.0,United Kingdom
46294,493672,22029,SPACE BOY BIRTHDAY CARD,12,2010-05-01 12:26:00,0.42,17861.0,United Kingdom
46295,493672,20692,FLORAL ELEPHANT SOFT TOY,5,2010-05-01 12:26:00,4.25,17861.0,United Kingdom
46296,493672,20726,LUNCH BAG WOODLAND,3,2010-05-01 12:26:00,1.65,17861.0,United Kingdom
46297,493672,20727,LUNCH BAG  BLACK SKULL.,1,2010-05-01 12:26:00,1.65,17861.0,United Kingdom
46298,493672,21498,RED SPOTS  WRAP ,50,2010-05-01 12:26:00,0.42,17861.0,United Kingdom
46299,493672,21497,FANCY FONTS BIRTHDAY WRAP,50,2010-05-01 12:26:00,0.42,17861.0,United Kingdom
46300,493672,21495,SKULLS WRAP,50,2010-05-01 12:26:00,0.42,17861.0,United Kingdom
46301,493672,22045,SPACE BOY GIFT WRAP,50,2010-05-01 12:26:00,0.42,17861.0,United Kingdom
46302,493672,16156S,WRAP PINK FAIRY CAKES ,25,2010-05-01 12:26:00,0.42,17861.0,United Kingdom
46303,493672,20728,LUNCH BAG CARS BLUE,4,2010-05-01 12:26:00,1.65,17861.0,United Kingdom
46304,493672,20725,LUNCH BAG RED SPOTTY,3,2010-05-01 12:26:00,1.65,17861.0,United Kingdom
46305,493672,20727,LUNCH BAG  BLACK SKULL.,5,2010-05-01 12:26:00,1.65,17861.0,United Kingdom
